sessions,drives,total_sessions,n_days_after_onboarding,total_navigations_fav1,total_navigations_fav2,driven_km_drives,duration_minutes_drives,activity_days,driving_days,device,is_high_sessions,is_high_drives,is_high_total_sessions,is_high_driven_km_drives,is_high_duration_minutes_drives,is_high_total_navigations_fav1,is_high_total_navigations_fav2,sessions_per_day_after_onboarding,total_sessions_per_day_after_onboarding,drives_per_activity_day,drives_per_driving_day,km_per_drive,minutes_per_drive,km_per_driving_day,minutes_per_driving_day,percent_sessions_in_last_month,total_favorite_navigations,has_favorite_navigation,favorite_navigations_per_session,actual_churn,predicted_churn,churn_probability,error_type,predicted_churn_threshold,risk_tier,behavior_cluster
126,101,152.0864753,522,0,0,5887.412712,3532.429685,6,3,Android,0,0,0,0,0,0,0,0.2413793103448276,0.2913534009578544,16.833333333333332,33.666666666666664,58.29121497029704,34.97455133663367,1962.470904,1177.4765616666666,0.8284760347786165,0,0,0.0,1,1,0.3970424632906418,True Positive,1,High Risk,2
244,208,306.1074462,1246,0,66,7874.442894,5171.307571,0,0,iPhone,1,1,0,0,1,0,0,0.1958266452648475,0.2456721077046549,0.0,0.0,37.85789852884615,24.86205562980769,0.0,0.0,0.7971057320852588,66,1,0.2156105668755208,1,1,0.4264257656698097,True Positive,1,High Risk,2
36,29,127.9080252,1367,138,0,3409.923132,1211.017213,2,1,iPhone,0,0,0,0,0,0,0,0.0263350402340892,0.0935684163862472,14.5,29.0,117.58355627586208,41.75921424137931,3409.923132,1211.017213,0.2814522383854301,138,1,1.078900247144149,1,1,0.4303093358980493,True Positive,1,High Risk,2
81,65,131.3715482,1287,364,0,949.7440283,209.6643584,2,2,iPhone,0,0,0,0,0,0,0,0.0629370629370629,0.102075795027195,32.5,32.5,14.611446589230768,3.225605513846154,474.87201415,104.8321792,0.6165718613339749,364,1,2.77076737685885,1,1,0.4369041933730774,True Positive,1,High Risk,2
19,16,175.9726451,315,20,0,1150.41125,493.7639851,1,1,iPhone,0,0,0,0,0,0,0,0.0603174603174603,0.5586433177777778,16.0,16.0,71.900703125,30.86024906875,1150.41125,493.7639851,0.1079713269593854,20,1,0.1136540283783004,0,1,0.441934645069809,False Positive,1,High Risk,2
305,248,329.3691911,23,214,5,4884.56037,1682.5065,10,10,iPhone,1,1,0,0,0,0,0,13.26086956521739,14.32039961304348,24.8,24.8,19.695807943548388,6.784300403225807,488.456037,168.25065,0.9260125362101604,219,1,0.6649073620656561,0,1,0.4954585601010887,False Positive,1,High Risk,0
322,258,360.2510251,126,160,167,3145.85459,711.9661009,4,2,iPhone,1,1,0,0,0,0,1,2.555555555555556,2.85913511984127,64.5,129.0,12.19323484496124,2.759558530620155,1572.927295,355.98305045,0.8938211901287939,327,1,0.9077004011556384,1,1,0.673316999242718,True Positive,1,High Risk,1
146,146,182.4538172,1667,414,0,1083.109714,834.3491798,2,0,iPhone,0,0,0,0,0,0,0,0.0875824835032993,0.109450400239952,73.0,0.0,7.418559684931506,5.714720409589041,0.0,0.0,0.8002024963937011,414,1,2.269067352787618,0,1,0.5363897863702023,False Positive,1,High Risk,2
743,596,839.9874777,360,0,143,10943.54797,5731.007821,11,8,iPhone,1,1,1,1,1,0,1,2.063888888888889,2.3332985491666665,54.18181818181818,74.5,18.361657667785234,9.61578493456376,1367.94349625,716.375977625,0.8845369957590739,143,1,0.1702406331003332,1,1,0.4517354528810554,True Positive,1,High Risk,1
26,21,69.20977484,863,0,0,4620.047533,1613.186716,2,1,iPhone,0,0,0,0,0,0,0,0.030127462340672,0.080196726349942,10.5,21.0,220.00226347619048,76.81841504761904,4620.047533,1613.186716,0.3756694781930315,0,0,0.0,0,1,0.4656287653828956,False Positive,1,High Risk,2
19,19,51.01535732,801,177,0,3707.480063,2161.960372,1,1,iPhone,0,0,0,0,0,0,0,0.0237203495630461,0.0636895846691635,19.0,19.0,195.13052963157892,113.787388,3707.480063,2161.960372,0.3724368699570249,177,1,3.469543472757548,1,1,0.5527060949699935,True Positive,1,High Risk,2
256,206,284.9440873,1066,254,85,2854.934563,1486.626313,8,3,iPhone,1,1,0,0,0,0,0,0.2401500938086304,0.267302145684803,25.75,68.66666666666667,13.858905645631069,7.21663258737864,951.6448543333332,495.5421043333333,0.8984218708510118,339,1,1.1897070867909882,0,1,0.4203243055162724,False Positive,1,High Risk,0
97,94,151.1082355,808,275,0,3014.678371,1388.229167,4,2,iPhone,0,0,0,0,0,0,0,0.120049504950495,0.1870151429455445,23.5,47.0,32.0710465,14.768395393617022,1507.3391855,694.1145835,0.641923980377628,275,1,1.8198875732355435,1,1,0.4542776046749714,True Positive,1,High Risk,2
105,105,107.170143,1141,264,22,1492.833664,608.0158536,5,1,iPhone,0,0,0,0,0,0,0,0.0920245398773006,0.0939265056967572,21.0,105.0,14.217463466666668,5.7906271771428575,1492.833664,608.0158536,0.9797504889024922,286,1,2.668653712629645,0,1,0.3917487101854677,False Positive,1,High Risk,2
256,206,384.8264158,1646,0,0,1797.471861,539.9071821,2,2,iPhone,1,1,0,0,0,0,0,0.1555285540704738,0.2337949063183475,103.0,103.0,8.725591558252427,2.6209086509708737,898.7359305,269.95359105,0.6652349981427652,0,0,0.0,0,1,0.4528232495796827,False Positive,1,High Risk,1
57,46,334.5778401,212,47,132,2800.058576,1496.488694,0,0,Android,0,0,0,0,0,0,1,0.2688679245283019,1.5781973589622642,0.0,0.0,60.87083860869565,32.53236291304348,0.0,0.0,0.1703639427613126,179,1,0.5350025570925431,1,1,0.5204652809167515,True Positive,1,High Risk,2
8,7,153.9422111,591,112,79,4935.265068,2355.6376,4,3,Android,0,0,0,0,0,0,0,0.0135363790186125,0.2604775145516074,1.75,2.333333333333333,705.0378668571428,336.5196571428572,1645.088356,785.2125333333333,0.051967552907261,191,1,1.2407253256608577,0,1,0.4349729355283342,False Positive,1,High Risk,2
62,50,90.45563045,257,81,91,1424.868936,961.2773662,2,2,iPhone,0,0,0,0,0,0,0,0.2412451361867704,0.3519674336575875,25.0,25.0,28.49737872,19.225547324,712.434468,480.6386831,0.6854189141301817,172,1,1.9014847295224395,0,1,0.4578461457738891,False Positive,1,High Risk,2
131,105,152.4862723,1906,489,49,11271.94166,3709.551253,5,1,iPhone,0,0,0,1,0,1,0,0.0687303252885624,0.0800032908184679,21.0,105.0,107.35182533333334,35.329059552380954,11271.94166,3709.551253,0.8590937270882449,538,1,3.528186451705922,0,1,0.5754668018329054,False Positive,1,High Risk,2
35,28,395.9327097,395,45,31,3362.687471,1883.398474,6,1,iPhone,0,0,0,0,0,0,0,0.0886075949367088,1.0023612903797467,4.666666666666667,28.0,120.09598110714286,67.26423121428572,3362.687471,1883.398474,0.0883988595600491,76,1,0.1919518093303924,0,1,0.4891576359949859,False Positive,1,High Risk,2
75,60,165.2932674,2246,46,142,10234.69178,5656.102327,7,2,iPhone,0,0,0,1,1,0,1,0.0333926981300089,0.0735945090828138,8.571428571428571,30.0,170.57819633333332,94.26837211666664,5117.34589,2828.0511635,0.4537389887665806,188,1,1.137372398508229,0,1,0.405068567615111,False Positive,1,High Risk,2
20,16,99.47239216,438,330,106,1993.492584,939.3320777,6,2,iPhone,0,0,0,0,0,0,0,0.045662100456621,0.2271059181735159,2.6666666666666665,8.0,124.5932865,58.70825485625,996.746292,469.66603885,0.2010608126105007,436,1,4.383125714908916,0,1,0.4394241123507356,False Positive,1,High Risk,0
171,139,197.1771057,96,332,0,1489.771267,67.16308468,4,4,iPhone,0,0,0,0,0,0,0,1.78125,2.053928184375,34.75,34.75,10.717778899280576,0.4831876595683453,372.44281675,16.79077117,0.8672406433441223,332,1,1.683765459592097,0,1,0.5177798734621422,False Positive,1,High Risk,0
33,33,176.625699,1172,326,7,1497.116939,804.000853,2,0,iPhone,0,0,0,0,0,0,0,0.0281569965870307,0.150704521331058,16.5,0.0,45.36717996969697,24.363662212121213,0.0,0.0,0.1868357786371733,333,1,1.8853428571569304,0,1,0.4362485021841161,False Positive,1,High Risk,2
40,32,52.76008722,314,0,0,1724.225763,904.4785419,0,0,iPhone,0,0,0,0,0,0,0,0.1273885350318471,0.168025755477707,0.0,0.0,53.88205509375,28.264954434375,0.0,0.0,0.7581488603915162,0,0,0.0,0,1,0.3992475867230906,False Positive,1,High Risk,2
92,74,135.08158,1242,214,2,3134.067702,1199.977159,1,0,iPhone,0,0,0,0,0,0,0,0.074074074074074,0.1087613365539452,74.0,0.0,42.35226624324324,16.215907554054056,0.0,0.0,0.6810699134552616,216,1,1.5990337098514835,0,1,0.5089689336107568,False Positive,1,High Risk,2
272,219,564.2714848,88,0,90,3529.33898,2078.426838,11,11,Android,1,1,1,0,0,0,0,3.090909090909091,6.412175963636364,19.90909090909091,19.90909090909091,16.11570310502283,9.490533506849314,320.84899818181816,188.94789436363635,0.482037471903099,90,1,0.1594976929091136,1,1,0.3917625052440653,True Positive,1,High Risk,0
54,44,233.038966,142,19,147,1076.770721,882.7146395,4,1,Android,0,0,0,0,0,0,1,0.380281690140845,1.6411194788732393,11.0,44.0,24.47206184090909,20.06169635227273,1076.770721,882.7146395,0.2317209045632308,166,1,0.7123272251388209,1,1,0.5034616220612314,True Positive,1,High Risk,2
1,1,19.81982244,2144,468,0,5862.481732,2473.788633,1,1,iPhone,0,0,0,0,0,1,0,0.0004664179104477,0.0092443201679104,1.0,1.0,5862.481732,2473.788633,5862.481732,2473.788633,0.0504545387844554,468,1,23.61272415112514,0,1,0.6323424891339907,False Positive,1,High Risk,2
510,409,820.1076236,1824,38,40,2036.536358,1608.014038,3,3,Android,1,1,1,0,0,0,0,0.2796052631578947,0.4496204076754386,136.33333333333334,136.33333333333334,4.979306498777507,3.931574665036675,678.8454526666667,536.0046793333333,0.6218696001888989,78,1,0.0951094682641845,0,1,0.4577272556218933,False Positive,1,High Risk,1
65,54,176.061466,794,146,84,11789.78666,5886.4249,1,0,Android,0,0,0,1,1,0,0,0.0818639798488665,0.2217398816120906,54.0,0.0,218.3293825925926,109.00786851851852,0.0,0.0,0.369189246669115,230,1,1.306361949752253,1,1,0.5294755014300055,True Positive,1,High Risk,2
99,99,192.7016272,2872,197,0,2091.199569,599.9158934,1,0,Android,0,0,0,0,0,0,0,0.0344707520891364,0.0670966668523676,99.0,0.0,21.12322796969697,6.059756498989898,0.0,0.0,0.5137476078354568,197,1,1.022305845894798,1,1,0.4089264936170888,True Positive,1,High Risk,2
30,28,111.8213875,572,0,7,3854.633257,2356.939461,2,0,Android,0,0,0,0,0,0,0,0.0524475524475524,0.1954919361888112,14.0,0.0,137.66547346428572,84.17640932142857,0.0,0.0,0.2682849915451102,7,1,0.0625998313605257,1,1,0.3840229545721621,True Positive,1,High Risk,2
79,72,135.5474268,124,1,120,5079.161194,2467.880301,1,1,iPhone,0,0,0,0,0,0,0,0.6370967741935484,1.0931244096774195,72.0,72.0,70.54390547222222,34.27611529166667,5079.161194,2467.880301,0.582821834873814,121,1,0.892676481262424,1,1,0.7044251867166096,True Positive,1,High Risk,2
1,1,64.15592624,454,0,71,2915.542965,795.3139259,9,3,iPhone,0,0,0,0,0,0,0,0.0022026431718061,0.1413126128634361,0.1111111111111111,0.3333333333333333,2915.542965,795.3139259,971.847655,265.10464196666663,0.0155870245916038,71,1,1.1066787460038705,0,1,0.3994195127300429,False Positive,1,High Risk,0
210,170,240.3149923,1896,68,5,6624.463459,4994.904141,2,2,iPhone,0,0,0,0,1,0,0,0.110759493670886,0.1267484136603375,85.0,85.0,38.9674321117647,29.38178906470588,3312.2317295,2497.4520705,0.8738530958478199,73,1,0.3037679809375755,0,1,0.5666060454506358,False Positive,1,High Risk,1
69,64,499.9258093,233,193,36,2124.661834,1422.588535,7,7,Android,0,0,1,0,0,0,0,0.296137339055794,2.1456043317596567,9.142857142857142,9.142857142857142,33.19784115625,22.227945859375,303.5231191428571,203.2269335714286,0.1380204796720024,229,1,0.4580679687665007,0,1,0.4069729354544205,False Positive,1,High Risk,0
14,13,257.2545914,1901,125,100,7334.418652,3775.60018,5,2,iPhone,0,0,0,0,0,0,0,0.0073645449763282,0.1353259291951604,2.6,6.5,564.1860501538462,290.4307830769231,3667.209326,1887.80009,0.0544207974046678,225,1,0.8746199582893043,0,1,0.4240038571432289,False Positive,1,High Risk,2
45,36,375.0220048,152,0,0,6856.725647,5676.420131,12,5,iPhone,0,0,0,0,1,0,0,0.2960526315789473,2.4672500315789474,3.0,7.2,190.4646013055556,157.6783369722222,1371.3451294,1135.2840262,0.1199929588771693,0,0,0.0,1,1,0.4090782324038424,True Positive,1,High Risk,0
66,53,144.7140936,2631,669,29,6606.675141,2628.819826,7,2,iPhone,0,0,0,0,0,1,0,0.0250855188141391,0.0550034563283922,7.571428571428571,26.5,124.6542479433962,49.6003740754717,3303.3375705,1314.409913,0.4560716814661374,698,1,4.823303540353999,0,1,0.454538573042247,False Positive,1,High Risk,0
81,72,489.2115038,513,285,0,9620.508722,6035.219078,8,8,iPhone,0,0,1,1,1,0,0,0.1578947368421052,0.9536286623781676,9.0,9.0,133.61817669444446,83.82248719444445,1202.56359025,754.40238475,0.1655725578217688,285,1,0.5825701108543719,1,1,0.405548701621294,True Positive,1,High Risk,0
124,99,239.1103347,1231,316,0,5691.397865,4238.914879,5,2,Android,0,0,0,0,0,0,0,0.1007311129163281,0.1942407268074736,19.8,49.5,57.48886732323232,42.81732201010101,2845.6989325,2119.4574395,0.5185890444910158,316,1,1.321565629509363,0,1,0.5255874241733622,False Positive,1,High Risk,2
16,14,24.12997471,2273,359,13,4898.17104,3249.806731,1,1,Android,0,0,0,0,0,0,0,0.0070391553013638,0.0106159149626044,14.0,14.0,349.86936000000003,232.1290522142857,4898.17104,3249.806731,0.6630757053122498,372,1,15.416510148509808,0,1,0.4856414317188253,False Positive,1,High Risk,2
106,93,470.49418,117,105,50,3196.465125,1769.968054,7,4,iPhone,0,0,1,0,0,0,0,0.905982905982906,4.021317777777777,13.285714285714286,23.25,34.37059274193548,19.031914559139786,799.11628125,442.4920135,0.2252950291542395,155,1,0.3294408445179917,1,1,0.5104211266999427,True Positive,1,High Risk,0
157,127,384.0469478,1243,339,0,3811.665057,1160.606354,6,4,Android,0,0,0,0,0,0,0,0.1263073209975865,0.3089677777956556,21.166666666666668,31.75,30.01311068503937,9.138632708661415,952.91626425,290.1515885,0.4088041863094322,339,1,0.8827045806299206,0,1,0.3854231700106551,False Positive,1,High Risk,0
43,35,107.9306285,695,246,100,3700.656856,1290.755446,2,0,iPhone,0,0,0,0,0,0,0,0.0618705035971223,0.1552958683453237,17.5,0.0,105.73305302857143,36.87872702857143,0.0,0.0,0.3984040545080306,346,1,3.205762857204153,1,1,0.464582619891578,True Positive,1,High Risk,2
188,151,190.8872644,969,222,0,3599.809662,2655.876357,1,1,iPhone,0,0,0,0,0,0,0,0.1940144478844169,0.1969940809081527,151.0,151.0,23.839799086092714,17.588585145695365,3599.809662,2655.876357,0.9848745048074564,222,1,1.1629901067407198,1,1,0.7011014699733318,True Positive,1,High Risk,1
39,32,50.51492537,764,554,0,2709.926989,1029.018218,5,5,iPhone,0,0,0,0,0,1,0,0.0510471204188481,0.0661190122643979,6.4,6.4,84.68521840625,32.1568193125,541.9853978,205.8036436,0.7720490471745104,554,1,10.967055695760994,0,1,0.4129279375726977,False Positive,1,High Risk,0
43,36,73.56043995,886,0,0,9464.793134,3283.717123,2,2,Android,0,0,0,1,0,0,0,0.0485327313769751,0.0830253272573363,18.0,18.0,262.9109203888889,91.21436452777778,4732.396567,1641.8585615,0.5845533282458297,0,0,0.0,0,1,0.467000058850392,False Positive,1,High Risk,2
53,53,88.32387804,1002,201,0,5293.298726,949.0099149,4,1,iPhone,0,0,0,0,0,0,0,0.0528942115768463,0.0881475828742514,13.25,53.0,99.87356086792452,17.905847450943398,5293.298726,949.0099149,0.6000642315093709,201,1,2.2757152930827087,0,1,0.4472666575943643,False Positive,1,High Risk,2
29,28,44.64079331,198,124,27,711.7132792,237.8693134,3,0,iPhone,0,0,0,0,0,0,0,0.1464646464646464,0.225458552070707,9.333333333333334,0.0,25.4183314,8.495332621428572,0.0,0.0,0.6496300323028467,151,1,3.3825563750941323,0,1,0.403102696616344,False Positive,1,High Risk,2
17,16,88.93260989,737,0,11,11127.13723,4659.938621,7,1,iPhone,0,0,0,1,0,0,0,0.0230664857530529,0.1206683987652645,2.2857142857142856,16.0,695.446076875,291.2461638125,11127.13723,4659.938621,0.191155977779435,11,1,0.1236891620925755,1,1,0.4791640949070017,True Positive,1,High Risk,2
162,130,457.0940995,355,227,44,5860.24512,2099.01395,1,0,iPhone,0,0,1,0,0,0,0,0.4563380281690141,1.2875890126760563,130.0,0.0,45.07880861538461,16.146261153846154,0.0,0.0,0.3544128007279166,271,1,0.592875734551021,0,1,0.6704349016561243,False Positive,1,High Risk,2
7,7,60.65513455,2230,447,75,5164.220501,4053.152827,3,2,Android,0,0,0,0,0,1,0,0.0031390134529147,0.0271996119058295,2.333333333333333,3.5,737.7457858571428,579.0218324285714,2582.1102505,2026.5764135,0.1154065529972515,522,1,8.606031523509332,1,1,0.494906359894524,True Positive,1,High Risk,2
45,37,163.8364172,217,295,65,2742.385401,1130.532278,2,2,Android,0,0,0,0,0,0,0,0.2073732718894009,0.755006530875576,18.5,18.5,74.11852435135135,30.55492643243243,1371.1927005,565.266139,0.2746642093928797,360,1,2.1973136751430378,1,1,0.5479815460022134,True Positive,1,High Risk,2
63,63,66.1822558,719,26,59,8566.735573,5721.883299,4,2,Android,0,0,0,0,1,0,0,0.0876216968011126,0.0920476436717663,15.75,31.5,135.97992973015872,90.82354442857142,4283.3677865,2860.9416495,0.9519167825041104,85,1,1.2843321668706251,0,1,0.5295096268241627,False Positive,1,High Risk,2
172,144,372.1826538,2080,42,19,5774.742105,2867.180816,2,0,iPhone,0,0,0,0,0,0,0,0.0826923076923076,0.1789339681730769,72.0,0.0,40.10237572916667,19.91097788888889,0.0,0.0,0.462138679070271,61,1,0.1638980199028286,1,1,0.4043189612909875,True Positive,1,High Risk,2
189,189,198.9258453,1440,54,1,7074.245142,4555.365732,6,2,iPhone,0,0,0,0,0,0,0,0.13125,0.138142948125,31.5,94.5,37.42986847619048,24.10246419047619,3537.122571,2277.682866,0.9501027868699976,55,1,0.2764849379780416,1,1,0.439478811657147,True Positive,1,High Risk,1
3,3,231.4326353,372,201,146,3727.996884,505.8213717,3,3,iPhone,0,0,0,0,0,0,1,0.0080645161290322,0.6221307400537635,1.0,1.0,1242.665628,168.6071239,1242.665628,168.6071239,0.0129627353381305,347,1,1.499356387443772,0,1,0.5345838673092745,False Positive,1,High Risk,2
113,113,168.8900106,1301,81,0,2424.19569,676.2387369,1,0,iPhone,0,0,0,0,0,0,0,0.0868562644119907,0.1298155346656418,113.0,0.0,21.453059203539823,5.984413600884956,0.0,0.0,0.6690745035692478,81,1,0.4796020777797263,0,1,0.4961238971034053,False Positive,1,High Risk,2
26,21,97.93278265,2746,284,0,8018.480267,4279.757621,2,2,iPhone,0,0,0,0,0,0,0,0.009468317552804,0.0356637955753823,10.5,10.5,381.8323936666667,203.79798195238092,4009.2401335,2139.8788105,0.2654882185153553,284,1,2.8999482330138817,0,1,0.4401006669121807,False Positive,1,High Risk,2
73,61,188.0961852,1794,45,239,4042.699407,2624.022018,7,1,Android,0,0,0,0,0,0,1,0.0406911928651059,0.1048473719063545,8.714285714285714,61.0,66.2737607704918,43.01675439344263,4042.699407,2624.022018,0.3880993116494103,284,1,1.5098658151840072,0,1,0.4311509631753961,False Positive,1,High Risk,2
3,3,34.35396438,865,22,10,5387.11242,3840.229914,5,3,iPhone,0,0,0,0,0,0,0,0.0034682080924855,0.0397155657572254,0.6,1.0,1795.70414,1280.076638,1795.70414,1280.076638,0.0873261661104394,32,1,0.9314791051780208,1,1,0.4306688523075506,True Positive,1,High Risk,2
95,86,117.8731974,1266,537,0,2210.295544,1303.198167,6,6,iPhone,0,0,0,0,0,1,0,0.0750394944707741,0.0931067909952606,14.333333333333334,14.333333333333334,25.701110976744182,15.153467058139537,368.38259066666666,217.1996945,0.8059508191469489,537,1,4.555743051388543,1,1,0.4010155389950189,True Positive,1,High Risk,0
137,110,231.7682646,430,149,161,1319.462273,268.1628643,6,5,Android,0,0,0,0,0,0,1,0.3186046511627907,0.5389959641860466,18.33333333333333,22.0,11.995111572727271,2.437844220909091,263.8924546,53.63257286,0.5911076748857013,310,1,1.3375429139749446,0,1,0.3933855248303336,False Positive,1,High Risk,0
5,4,112.4820144,1167,591,17,7850.338733,4545.449526,8,8,Android,0,0,0,0,0,1,0,0.0042844901456726,0.0963856164524421,0.5,0.5,1962.58468325,1136.3623815,981.292341625,568.18119075,0.0444515510028063,608,1,5.405308601941254,0,1,0.4857168160132781,False Positive,1,High Risk,0
239,191,310.7587184,1187,19,20,4537.867891,1808.335726,3,0,iPhone,0,0,0,0,0,0,0,0.2013479359730413,0.2618017846672283,63.66666666666666,0.0,23.75847063350785,9.467726314136126,0.0,0.0,0.7690854217398523,39,1,0.1254992947608963,0,1,0.4347234112502655,False Positive,1,High Risk,2
173,139,262.3139226,415,10,7,6669.23433,2719.504187,3,0,Android,0,0,0,0,0,0,0,0.416867469879518,0.6320817412048193,46.333333333333336,0.0,47.98010309352518,19.56477832374101,0.0,0.0,0.6595151270861289,17,1,0.0648078448581745,0,1,0.4641224501258152,False Positive,1,High Risk,2
103,84,117.408428,720,25,0,4455.222323,1422.367429,3,2,iPhone,0,0,0,0,0,0,0,0.1430555555555555,0.1630672611111111,28.0,42.0,53.03836098809524,16.932945583333332,2227.6111615,711.1837145,0.8772794402800453,25,1,0.2129319029805935,1,1,0.4107052194908026,True Positive,1,High Risk,2
79,65,174.0759878,289,643,91,2525.333914,2066.541521,6,1,Android,0,0,0,0,0,1,0,0.273356401384083,0.6023390581314879,10.833333333333334,65.0,38.85129098461538,31.79294647692308,2525.333914,2066.541521,0.4538247980000834,734,1,4.216549389013434,1,1,0.6777286811845271,True Positive,1,High Risk,0
112,90,209.7658664,185,290,31,6779.408346,265.8031108,5,0,iPhone,0,0,0,0,0,0,0,0.6054054054054054,1.133869548108108,18.0,0.0,75.3267594,2.953367897777778,0.0,0.0,0.5339286220496359,321,1,1.530277568552974,0,1,0.4975961413803898,False Positive,1,High Risk,2
7,7,30.43563988,94,0,15,1799.341831,792.7935768,1,0,Android,0,0,0,0,0,0,0,0.0744680851063829,0.3237834029787234,7.0,0.0,257.048833,113.25622525714286,0.0,0.0,0.2299935216607642,15,1,0.4928432607016376,1,1,0.4137574085868934,True Positive,1,High Risk,2
161,129,505.6786178,675,25,10,5566.432673,2594.801317,2,0,Android,0,0,1,0,0,0,0,0.2385185185185185,0.7491535078518519,64.5,0.0,43.150640875969,20.114738891472868,0.0,0.0,0.3183840374751159,35,1,0.0692139211902425,1,1,0.4934213042293217,True Positive,1,High Risk,2
8,8,176.9838314,936,84,199,8162.727506,1958.216329,5,0,Android,0,0,0,0,0,0,1,0.0085470085470085,0.1890852899572649,1.6,0.0,1020.34093825,244.777041125,0.0,0.0,0.0452018692143648,283,1,1.5990161234581566,0,1,0.4191421374085698,False Positive,1,High Risk,2
317,273,351.0051031,468,0,0,2859.131839,610.1253503,5,5,Android,1,1,0,0,0,0,0,0.6773504273504274,0.7500109040598291,54.6,54.6,10.4730103992674,2.2348913930402934,571.8263678000001,122.02507006,0.9031207728899826,0,0,0.0,1,1,0.4194162612549372,True Positive,1,High Risk,1
19,19,27.04504488,161,0,30,1768.453477,719.3554368,1,1,iPhone,0,0,0,0,0,0,0,0.1180124223602484,0.1679816452173912,19.0,19.0,93.07649878947367,37.86081246315789,1768.453477,719.3554368,0.7025316498568888,30,1,1.1092604997740347,1,1,0.4569897878202145,True Positive,1,High Risk,2
240,193,514.6295525,1638,204,84,5725.431359,2518.525892,4,3,iPhone,0,0,1,0,0,0,0,0.1465201465201465,0.314181655982906,48.25,64.33333333333333,29.66544745595855,13.049356953367877,1908.4771196666668,839.5086306666667,0.4663548737807861,288,1,0.5596258485369434,1,1,0.4479355206457585,True Positive,1,High Risk,1
5,5,273.310445,518,304,30,3042.549723,1124.320006,3,3,iPhone,0,0,0,0,0,0,0,0.0096525096525096,0.5276263416988417,1.6666666666666667,1.6666666666666667,608.5099446,224.8640012,1014.183241,374.7733353333333,0.0182942148442222,334,1,1.222053551594049,1,1,0.4896248385168992,True Positive,1,High Risk,2
164,132,177.9789539,400,424,0,2480.275605,1354.331294,2,1,iPhone,0,0,0,0,0,1,0,0.41,0.44494738475,66.0,132.0,18.789966704545453,10.26008556060606,2480.275605,1354.331294,0.9214572645041263,424,1,2.3823041472545703,0,1,0.6844901251387222,False Positive,1,High Risk,1
22,19,174.5801962,3120,898,0,8495.584989,2596.770418,1,1,iPhone,0,0,0,0,0,1,0,0.007051282051282,0.0559551910897435,19.0,19.0,447.1360520526316,136.6721272631579,8495.584989,2596.770418,0.1260165842338536,898,1,5.143767847363664,0,1,0.6156538652682179,False Positive,1,High Risk,2
127,104,172.1306915,2492,0,0,7656.74426,1515.311604,1,1,iPhone,0,0,0,0,0,0,0,0.0509630818619582,0.0690733111958266,104.0,104.0,73.62254096153846,14.570303884615385,7656.74426,1515.311604,0.7378114785532015,0,0,0.0,0,1,0.4783594023392526,False Positive,1,High Risk,2
4,4,256.6296675,330,440,4,6134.036395,1939.702784,16,8,iPhone,0,0,0,0,0,1,0,0.0121212121212121,0.777665659090909,0.25,0.5,1533.50909875,484.925696,766.754549375,242.462848,0.0155866624422914,444,1,1.7301195310943542,0,1,0.3903794714563032,False Positive,1,High Risk,0
41,35,87.39451329,871,489,54,3821.074192,1355.223416,5,5,iPhone,0,0,0,0,0,1,0,0.0470723306544202,0.1003381323650976,7.0,7.0,109.17354834285716,38.72066902857143,764.2148384,271.0446832,0.4691370025020938,543,1,6.213204691674071,1,1,0.4312254535989153,True Positive,1,High Risk,0
71,57,134.6325678,510,18,0,4821.454855,1568.524952,3,0,iPhone,0,0,0,0,0,0,0,0.1392156862745098,0.2639854270588235,19.0,0.0,84.58692728070176,27.517981614035087,0.0,0.0,0.5273612556025244,18,1,0.1336972197302174,0,1,0.3884855087197151,False Positive,1,High Risk,2
34,34,207.4010028,788,131,10,3824.911441,2956.858084,3,0,iPhone,0,0,0,0,0,0,0,0.0431472081218274,0.2631992421319797,11.333333333333334,0.0,112.49739532352942,86.96641423529411,0.0,0.0,0.1639336335937909,141,1,0.6798424216683682,0,1,0.4066020517770332,False Positive,1,High Risk,2
42,35,147.0449551,3191,18,0,5278.699663,3253.871442,1,1,Android,0,0,0,0,0,0,0,0.0131620181761203,0.0460811517079285,35.0,35.0,150.8199903714286,92.96775548571428,5278.699663,3253.871442,0.2856269361396132,18,1,0.1224115440598342,0,1,0.3995540008660224,False Positive,1,High Risk,2
166,137,280.6649613,1994,164,293,7072.616036,2391.949787,3,3,iPhone,0,0,0,0,0,0,1,0.0832497492477432,0.1407547448846539,45.66666666666666,45.66666666666666,51.62493456934307,17.459487496350366,2357.538678666667,797.3165956666667,0.5914525248577939,457,1,1.6282759268675409,1,1,0.4767831991197457,True Positive,1,High Risk,2
237,192,307.2462794,1110,187,64,8129.390038,6043.058549,4,0,iPhone,0,0,0,0,1,0,0,0.2135135135135135,0.2767984499099099,48.0,0.0,42.34057311458333,31.47426327604167,0.0,0.0,0.7713681690883968,251,1,0.8169342212708337,0,1,0.5062790303380044,False Positive,1,High Risk,2
210,173,310.8953472,2075,22,0,3827.588508,2025.573971,1,0,iPhone,0,0,0,0,0,0,0,0.1012048192771084,0.1498290829879518,173.0,0.0,22.124789063583812,11.708520063583816,0.0,0.0,0.6754684555150525,22,1,0.0707633620063388,1,1,0.4403242479721293,True Positive,1,High Risk,1
105,85,117.4844736,654,2,0,4461.504078,1859.471757,3,3,iPhone,0,0,0,0,0,0,0,0.1605504587155963,0.1796398678899082,28.33333333333333,28.33333333333333,52.48828327058824,21.876138317647055,1487.168026,619.823919,0.8937351190549149,2,1,0.0170235260772364,1,1,0.3949406961823133,True Positive,1,High Risk,2
30,24,520.4517626,433,78,34,3956.794312,2903.20945,3,2,iPhone,0,0,1,0,0,0,0,0.069284064665127,1.2019671191685914,8.0,12.0,164.86642966666668,120.96706041666664,1978.397156,1451.604725,0.0576422296086196,112,1,0.2151976572055133,1,1,0.5134071474953611,True Positive,1,High Risk,2
9,8,58.75689671,33,190,216,1275.363255,596.2865206,7,7,iPhone,0,0,0,0,0,0,1,0.2727272727272727,1.7805120215151515,1.1428571428571428,1.1428571428571428,159.420406875,74.535815075,182.1947507142857,85.18378865714286,0.1531735081997321,406,1,6.909827147676806,0,1,0.4089222206933739,False Positive,1,High Risk,0
16,13,88.79676291,1381,180,2,5200.221194,4260.077929,4,3,iPhone,0,0,0,0,0,0,0,0.0115858073859522,0.0642988869732078,3.25,4.333333333333333,400.0170149230769,327.69830223076923,1733.4070646666669,1420.0259763333331,0.1801867486567816,182,1,2.049624265970891,1,1,0.4058502540220277,True Positive,1,High Risk,2
74,64,86.99259935,446,0,0,7831.97227,640.4517301,2,2,Android,0,0,0,0,0,0,0,0.1659192825112107,0.1950506711883408,32.0,32.0,122.37456671875,10.0070582828125,3915.986135,320.22586505,0.8506470728880455,0,0,0.0,0,1,0.4425462898518287,False Positive,1,High Risk,2
60,60,166.5431386,465,0,22,2263.905376,792.9623008,2,0,Android,0,0,0,0,0,0,0,0.1290322580645161,0.3581572873118279,30.0,0.0,37.73175626666667,13.216038346666666,0.0,0.0,0.3602670185296964,22,1,0.132097906794222,0,1,0.4127823275374017,False Positive,1,High Risk,2
113,90,349.5668109,1280,3,9,3456.735135,714.9558007,2,1,Android,0,0,0,0,0,0,0,0.08828125,0.273099071015625,45.0,90.0,38.40816816666666,7.943953341111111,3456.735135,714.9558007,0.3232572328850914,12,1,0.0343282017223105,1,1,0.4094072295554731,True Positive,1,High Risk,2
3,3,167.3178266,306,0,27,2848.475756,774.8157741,2,2,Android,0,0,0,0,0,0,0,0.0098039215686274,0.5467902830065359,1.5,1.5,949.4919186666666,258.2719247,1424.237878,387.40788705,0.0179299484159089,27,1,0.1613695357431806,0,1,0.4402293579512462,False Positive,1,High Risk,2
307,246,758.5479161,496,580,86,4257.303121,2603.111055,8,8,iPhone,1,1,1,0,0,1,0,0.6189516129032258,1.5293304760080644,30.75,30.75,17.306110247967478,10.58175225609756,532.162890125,325.388881875,0.4047206425381939,666,1,0.8779933157343229,1,1,0.599611098927683,True Positive,1,High Risk,0
191,155,219.1724043,15,688,7,2567.141318,880.6038361,4,4,Android,0,0,0,0,0,1,0,12.733333333333333,14.61149362,38.75,38.75,16.562202051612903,5.681315071612903,641.7853295,220.150959025,0.8714600755055001,695,1,3.171019646472893,0,1,0.7506441479463577,False Positive,1,High Risk,0
492,396,652.6276166,668,41,31,3016.005916,1462.456743,4,3,iPhone,1,1,1,0,0,0,0,0.7365269461077845,0.97698745,99.0,132.0,7.616176555555556,3.693072583333333,1005.3353053333334,487.485581,0.7538755447757127,72,1,0.1103232504549823,1,1,0.5460266936809858,True Positive,1,High Risk,1
92,74,101.5343869,2456,226,19,5946.345364,4068.777614,1,1,iPhone,0,0,0,0,0,0,0,0.0374592833876221,0.0413413627442996,74.0,74.0,80.35601843243244,54.98348127027028,5946.345364,4068.777614,0.9060969668395172,245,1,2.4129756182139315,1,1,0.5916364447942336,True Positive,1,High Risk,2
21,19,26.13801113,1216,214,30,4504.912101,3686.216307,2,2,iPhone,0,0,0,0,0,0,0,0.0172697368421052,0.0214950749424342,9.5,9.5,237.1006368947368,194.01138457894737,2252.4560505,1843.1081535,0.8034276171799917,244,1,9.335063742472284,1,1,0.4545159795031168,True Positive,1,High Risk,2
23,19,37.69777373,543,0,5,5004.42157,3815.917125,2,0,iPhone,0,0,0,0,0,0,0,0.0423572744014733,0.0694249976611418,9.5,0.0,263.39060894736843,200.83774342105264,0.0,0.0,0.610115604298843,5,1,0.1326338270214876,1,1,0.3954348107228536,True Positive,1,High Risk,2
2,2,270.0880682,2179,6,6,4718.527389,3585.770761,2,2,Android,0,0,0,0,0,0,0,0.0009178522257916,0.1239504672785681,1.0,1.0,2359.2636945,1792.8853805,2359.2636945,1792.8853805,0.0074049920580682,12,1,0.0444299523484095,0,1,0.4433432199208862,False Positive,1,High Risk,2
10,10,245.4863267,39,5,0,5272.033575,3752.858246,5,4,Android,0,0,0,0,0,0,0,0.2564102564102564,6.294521197435897,2.0,2.5,527.2033575,375.2858246,1318.00839375,938.2145615,0.0407354663472586,5,1,0.0203677331736293,0,1,0.5765442414376685,False Positive,1,High Risk,0
130,104,162.1809015,273,143,0,7213.989089,5871.153172,5,5,iPhone,0,0,0,0,1,0,0,0.4761904761904761,0.5940692362637363,20.8,20.8,69.36527970192307,56.45339588461539,1442.7978177999998,1174.2306344,0.8015740373720884,143,1,0.8817314411092974,1,1,0.48230950871933,True Positive,1,High Risk,0
18,18,197.7664549,1517,200,9,3771.957224,1639.140405,2,2,iPhone,0,0,0,0,0,0,0,0.011865524060646,0.1303668127224785,9.0,9.0,209.55317911111112,91.06335583333332,1885.978612,819.5702025,0.0910164466926488,209,1,1.0568020754868674,0,1,0.403446819406114,False Positive,1,High Risk,2
1,1,79.44161428,2681,0,0,3506.121246,1981.929117,1,1,Android,0,0,0,0,0,0,0,0.000372995151063,0.02963133691906,1.0,1.0,3506.121246,1981.929117,3506.121246,1981.929117,0.0125878610230074,0,0,0.0,0,1,0.4531010091705811,False Positive,1,High Risk,2
73,61,145.75604,411,334,1,1381.749655,739.1705994,5,1,iPhone,0,0,0,0,0,0,0,0.1776155717761557,0.3546375669099757,12.2,61.0,22.65163368852459,12.117550809836066,1381.749655,739.1705994,0.500836877840534,335,1,2.2983610147476563,0,1,0.4738661007228109,False Positive,1,High Risk,2
80,67,135.3616177,2020,0,23,4081.457422,2180.242054,1,1,iPhone,0,0,0,0,0,0,0,0.0396039603960396,0.0670107018316831,67.0,67.0,60.91727495522388,32.540926179104474,4081.457422,2180.242054,0.5910094852538098,23,1,0.1699152270104703,1,1,0.4923436403765451,True Positive,1,High Risk,2
15,15,115.6572458,811,6,0,3090.907194,1572.509162,6,1,iPhone,0,0,0,0,0,0,0,0.0184956843403205,0.1426106606658446,2.5,15.0,206.0604796,104.83394413333332,3090.907194,1572.509162,0.1296935604530883,6,1,0.0518774241812353,0,1,0.383595103956746,False Positive,1,High Risk,2
334,267,562.0904605,2839,375,47,2005.001199,1227.10759,1,1,iPhone,1,1,1,0,0,0,0,0.1176470588235294,0.1979888906305036,267.0,267.0,7.509367786516854,4.595908576779027,2005.001199,1227.10759,0.5942104046791593,422,1,0.7507688346545067,1,1,0.5856559726815765,True Positive,1,High Risk,1
2,2,195.9733515,7,121,32,3274.288869,1662.522324,6,1,iPhone,0,0,0,0,0,0,0,0.2857142857142857,27.99619307142857,0.3333333333333333,2.0,1637.1444345,831.261162,3274.288869,1662.522324,0.0102054691859469,153,1,0.7807183927249415,0,1,0.7227801989324316,False Positive,1,High Risk,2
164,135,176.3300871,1436,171,20,14895.50431,7165.42677,5,4,iPhone,0,0,0,1,1,0,0,0.1142061281337047,0.1227925397632311,27.0,33.75,110.33706896296296,53.07723533333333,3723.8760775,1791.3566925,0.9300738331002616,191,1,1.083195744647256,0,1,0.4662576747882318,False Positive,1,High Risk,2
38,31,253.9617334,1526,1,0,9023.144411,6682.995888,1,0,iPhone,0,0,0,1,1,0,0,0.0249017038007863,0.1664231542595019,31.0,0.0,291.0691745483871,215.58051251612903,0.0,0.0,0.1496288416812325,1,1,0.0039376010968745,0,1,0.3836038479446063,False Positive,1,High Risk,2
0,0,51.32181532,728,192,3,12316.76797,7880.078907,6,3,iPhone,0,0,0,1,1,0,0,0.0,0.070496999065934,0.0,0.0,0.0,0.0,4105.589323333334,2626.692969,0.0,195,1,3.799553830747077,1,1,0.4811480897363258,True Positive,1,High Risk,2
320,256,617.5976831,2572,136,56,529.5620565,383.0663935,2,2,iPhone,1,1,1,0,0,0,0,0.1244167962674961,0.2401235159797823,128.0,128.0,2.068601783203125,1.496353099609375,264.78102825,191.53319675,0.5181366587934338,192,1,0.3108819952760603,1,1,0.4252466153070797,True Positive,1,High Risk,1
89,71,443.7030058,1280,68,0,7371.411993,1955.470583,3,3,iPhone,0,0,0,0,0,0,0,0.06953125,0.34664297328125,23.666666666666668,23.666666666666668,103.82270412676056,27.541839197183094,2457.137331,651.8235276666667,0.2005846226791551,68,1,0.1532556667660961,1,1,0.3855177564865505,True Positive,1,High Risk,2
110,110,225.4732398,714,209,29,2240.371618,884.6034099,2,2,iPhone,0,0,0,0,0,0,0,0.1540616246498599,0.3157888512605042,55.0,55.0,20.36701470909091,8.041849180909091,1120.185809,442.30170495,0.4878627729728484,238,1,1.0555576360685266,1,1,0.5100946671280839,True Positive,1,High Risk,2
104,84,162.2346456,77,313,0,1127.9116,438.840909,1,0,iPhone,0,0,0,0,0,0,0,1.3506493506493509,2.1069434493506494,84.0,0.0,13.427519047619048,5.224296535714286,0.0,0.0,0.6410467974665456,313,1,1.9293043039137383,0,1,0.6840465182931524,False Positive,1,High Risk,2
189,165,456.4779306,2507,45,98,2614.41893,1724.436522,1,0,Android,0,0,1,0,0,0,0,0.0753889110490626,0.1820813444754686,165.0,0.0,15.844963212121211,10.451130436363636,0.0,0.0,0.4140397318914764,143,1,0.3132681569337626,1,1,0.4224063658787501,True Positive,1,High Risk,1
69,57,178.4025544,156,201,56,2096.982706,618.7695007,7,2,iPhone,0,0,0,0,0,0,0,0.4423076923076923,1.143606117948718,8.142857142857142,28.5,36.78917028070176,10.855605275438595,1048.491353,309.38475035,0.3867657625870854,257,1,1.4405623331142168,0,1,0.4304925026341064,False Positive,1,High Risk,0
109,88,172.1277273,1372,242,5,1421.476358,1033.488376,0,0,Android,0,0,0,0,0,0,0,0.0794460641399417,0.1254575271865889,0.0,0.0,16.15314043181818,11.744186090909093,0.0,0.0,0.6332506779109724,247,1,1.4349808939817448,0,1,0.3968794142066444,False Positive,1,High Risk,2
130,104,251.0600024,35,218,16,4683.194736,1227.304682,6,1,iPhone,0,0,0,0,0,0,0,3.7142857142857135,7.173142925714286,17.333333333333332,104.0,45.03071861538462,11.801006557692308,4683.194736,1227.304682,0.5178045039324034,234,1,0.932048107078326,1,1,0.6463421574308993,True Positive,1,High Risk,2
199,161,429.8246641,711,0,0,2840.981434,1202.261944,0,0,Android,0,0,0,0,0,0,0,0.279887482419128,0.6045353925457103,0.0,0.0,17.645847416149067,7.467465490683231,0.0,0.0,0.4629794812186535,0,0,0.0,0,1,0.3977406639049041,False Positive,1,High Risk,2
41,41,92.58088788,3235,154,15,5825.401229,3853.456521,1,1,iPhone,0,0,0,0,0,0,0,0.0126738794435857,0.0286185124822256,41.0,41.0,142.08295680487805,93.98674441463416,5825.401229,3853.456521,0.4428559818214609,169,1,1.8254307543372417,0,1,0.4565547424265429,False Positive,1,High Risk,2
249,210,261.3237777,1545,172,0,2478.172471,704.5479181,1,1,iPhone,1,1,0,0,0,0,0,0.1611650485436893,0.1691416036893203,210.0,210.0,11.80082129047619,3.354990086190476,2478.172471,704.5479181,0.9528409630058704,172,1,0.658187331875541,0,1,0.5748657237759609,False Positive,1,High Risk,1
77,62,151.6388,859,566,34,897.6472399,290.1209559,5,3,iPhone,0,0,0,0,0,1,0,0.089639115250291,0.1765294528521536,12.4,20.666666666666668,14.478181288709678,4.679370256451613,299.21574663333337,96.7069853,0.5077856063223924,600,1,3.9567709583563047,0,1,0.4766950083320902,False Positive,1,High Risk,0
21,17,21.70541048,955,237,0,4941.263002,4039.858166,2,0,iPhone,0,0,0,0,0,0,0,0.0219895287958115,0.022728178513089,8.5,0.0,290.66252952941176,237.63871564705883,0.0,0.0,0.9675007076853032,237,1,10.91893655816271,1,1,0.3879090920319095,True Positive,1,High Risk,2
4,3,113.8187866,1830,233,0,9624.439528,3213.049582,6,0,Android,0,0,0,1,0,0,0,0.0021857923497267,0.0621960582513661,0.5,0.0,3208.1465093333336,1071.0165273333334,0.0,0.0,0.0351435832298707,233,1,2.0471137231399723,0,1,0.3975336701670881,False Positive,1,High Risk,2
347,280,533.3071288,2733,455,48,4985.929928,3746.82344,4,3,iPhone,1,1,1,0,0,1,0,0.1269667032564947,0.1951361612879619,70.0,93.33333333333331,17.806892599999998,13.381512285714289,1661.9766426666663,1248.9411466666668,0.650656969054189,503,1,0.9431713413090982,0,1,0.553561603568677,False Positive,1,High Risk,1
50,41,74.22076898,108,0,0,1895.956842,1023.494978,3,0,iPhone,0,0,0,0,0,0,0,0.4629629629629629,0.6872293424074074,13.666666666666666,0.0,46.24284980487805,24.963292146341463,0.0,0.0,0.673665884726596,0,0,0.0,1,1,0.4127130328804022,True Positive,1,High Risk,2
85,72,93.46737935,1155,0,30,2579.296611,1809.421598,2,2,Android,0,0,0,0,0,0,0,0.0735930735930736,0.0809241379653679,36.0,36.0,35.82356404166667,25.130855527777776,1289.6483055,904.710799,0.9094081870179236,30,1,0.3209675954180906,0,1,0.3987238896249965,False Positive,1,High Risk,2
2,2,131.9262005,856,196,0,3688.769793,2840.16608,7,4,iPhone,0,0,0,0,0,0,0,0.0023364485981308,0.1541193931074766,0.2857142857142857,0.5,1844.3848965,1420.08304,922.19244825,710.04152,0.015159990907189,196,1,1.4856791089045274,1,1,0.41660697011139,True Positive,1,High Risk,0
489,391,504.6170537,385,15,53,7363.263076,3418.281276,2,2,iPhone,1,1,1,0,0,0,0,1.2701298701298702,1.310693645974026,195.5,195.5,18.831874874680302,8.742407355498722,3681.631538,1709.140638,0.9690516727774235,68,1,0.1347556518381693,0,1,0.6919791659931082,False Positive,1,High Risk,1
145,117,360.2707198,686,140,0,4539.253584,1672.17894,4,0,iPhone,0,0,0,0,0,0,0,0.2113702623906705,0.5251759763848396,29.25,0.0,38.79703917948718,14.292127692307693,0.0,0.0,0.4024751167136064,140,1,0.3885966644131372,0,1,0.4388729309273446,False Positive,1,High Risk,2
61,60,167.8653029,358,87,0,4965.744645,3185.525994,7,3,iPhone,0,0,0,0,0,0,0,0.1703910614525139,0.4688974941340781,8.571428571428571,20.0,82.76241075,53.0920999,1655.2482149999998,1061.841998,0.3633865899991177,87,1,0.5182726775397253,1,1,0.4027434539942005,True Positive,1,High Risk,0
93,74,177.8062629,2186,128,0,6574.535826,3754.526856,1,1,Android,0,0,0,0,0,0,0,0.0425434583714547,0.0813386381061299,74.0,74.0,88.84507872972974,50.73684940540541,6574.535826,3754.526856,0.52304119373064,128,1,0.7198846537367948,1,1,0.5747091448926847,True Positive,1,High Risk,2
24,23,86.50610322,1225,235,128,2951.301611,1752.893583,0,0,iPhone,0,0,0,0,0,0,1,0.0195918367346938,0.0706172271183673,0.0,0.0,128.31746134782608,76.21276447826087,0.0,0.0,0.2774370721446537,363,1,4.196235716187887,1,1,0.436121442848695,True Positive,1,High Risk,2
99,84,108.4725494,282,0,0,2592.232537,2140.397258,2,0,iPhone,0,0,0,0,0,0,0,0.351063829787234,0.3846544304964539,42.0,0.0,30.859911154761903,25.48091973809524,0.0,0.0,0.9126733035003232,0,0,0.0,1,1,0.4670654795259131,True Positive,1,High Risk,2
61,49,101.4661896,39,129,12,4226.897224,2790.46712,0,0,Android,0,0,0,0,0,0,0,1.564102564102564,2.601697169230769,0.0,0.0,86.26320865306123,56.94830857142857,0.0,0.0,0.6011854810008554,141,1,1.3896254560839445,1,1,0.5329791864116733,True Positive,1,High Risk,2
35,28,244.3799463,311,13,67,3804.536969,1535.086439,0,0,Android,0,0,0,0,0,0,0,0.112540192926045,0.7857876086816721,0.0,0.0,135.87632032142858,54.82451567857142,0.0,0.0,0.1432196075410955,80,1,0.3273591029510755,0,1,0.4382736756364088,False Positive,1,High Risk,2
16,13,29.77721257,171,68,42,1887.210356,1526.275648,0,0,Android,0,0,0,0,0,0,0,0.0935672514619883,0.1741357460233918,0.0,0.0,145.1700273846154,117.40581907692308,0.0,0.0,0.5373236316994865,110,1,3.69409996793397,1,1,0.4178744581014734,True Positive,1,High Risk,2
241,194,377.120612,799,77,50,3519.925748,2783.402997,3,2,Android,0,0,0,0,0,0,0,0.3016270337922403,0.4719907534418022,64.66666666666667,97.0,18.14394715463917,14.34743812886598,1759.962874,1391.7014985,0.6390528449821247,127,1,0.3367622876046881,0,1,0.5342585803394934,False Positive,1,High Risk,1
103,83,291.737426,1817,172,94,2076.774494,1506.8389,1,0,Android,0,0,0,0,0,0,0,0.0566868464501926,0.1605599482663731,83.0,0.0,25.02137944578313,18.154685542168675,0.0,0.0,0.3530572042546231,266,1,0.911778799337182,0,1,0.4927701242858941,False Positive,1,High Risk,2
104,84,159.6103313,552,45,0,3478.334027,2306.809717,3,3,iPhone,0,0,0,0,0,0,0,0.1884057971014492,0.2891491509057971,28.0,28.0,41.408738416666665,27.46202044047619,1159.4446756666666,768.9365723333334,0.6515868938616757,45,1,0.2819366367670712,0,1,0.4250040935797635,False Positive,1,High Risk,2
12,11,145.7008117,1792,186,35,11555.63334,7266.100404,3,3,iPhone,0,0,0,1,1,0,0,0.0066964285714285,0.0813062565290178,3.6666666666666665,3.6666666666666665,1050.512121818182,660.5545821818182,3851.87778,2422.033468,0.0823605569522026,221,1,1.5168069238697317,1,1,0.5066036735174805,True Positive,1,High Risk,2
103,86,575.6082655,658,81,0,1706.321081,878.9814051,4,0,Android,0,0,1,0,0,0,0,0.1565349544072948,0.8747845980243162,21.5,0.0,19.840942802325586,10.220714012790696,0.0,0.0,0.1789411413516264,81,1,0.1407207033930265,1,1,0.4029011349311316,True Positive,1,High Risk,2
174,151,181.187455,2255,103,31,2647.541976,561.3447961,2,0,iPhone,0,0,0,0,0,0,0,0.0771618625277161,0.0803492039911308,75.5,0.0,17.533390569536422,3.7175152059602654,0.0,0.0,0.9603313871813036,134,1,0.7395655510476705,0,1,0.3969834799252684,False Positive,1,High Risk,2
42,34,320.2999606,411,91,94,4401.772867,2422.378672,5,5,iPhone,0,0,0,0,0,0,0,0.1021897810218978,0.7793186389294404,6.8,6.8,129.46390785294116,71.24643152941177,880.3545733999999,484.4757344,0.1311270845033004,185,1,0.5775835865026329,1,1,0.4001711784625661,True Positive,1,High Risk,0
83,66,114.2850854,2361,167,31,3462.494815,2179.023333,1,1,Android,0,0,0,0,0,0,0,0.0351545955103769,0.048405372892842,66.0,66.0,52.46204265151516,33.015505045454546,3462.494815,2179.023333,0.7262539963941786,198,1,1.732509533566836,1,1,0.5084890282896933,True Positive,1,High Risk,2
47,44,82.20245124,1988,122,9,3764.396018,3118.099065,1,0,iPhone,0,0,0,0,0,0,0,0.0236418511066398,0.0413493215492957,44.0,0.0,85.55445495454545,70.86588784090908,0.0,0.0,0.5717591056108268,131,1,1.593626443298262,0,1,0.3830391533755338,False Positive,1,High Risk,2
296,296,359.8986539,733,190,34,6266.276686,3028.444388,2,2,Android,1,1,0,0,0,0,0,0.4038199181446112,0.4909940708049113,148.0,148.0,21.16985366891892,10.23123104054054,3133.138343,1514.222194,0.822453756890809,224,1,0.6223974376470987,1,1,0.6926531818806025,True Positive,1,High Risk,1
302,261,324.3781993,1358,0,21,4812.569475,2181.128415,3,0,iPhone,1,1,0,0,0,0,0,0.2223858615611192,0.2388646533873343,87.0,0.0,18.43896350574713,8.356813850574714,0.0,0.0,0.9310120120640302,21,1,0.0647392458720021,1,1,0.4977915851074343,True Positive,1,High Risk,1
328,263,456.8128437,2337,34,0,1753.89979,1426.74742,3,3,iPhone,1,1,1,0,0,0,0,0.1403508771929824,0.1954697662387676,87.66666666666667,87.66666666666667,6.668820494296578,5.424895133079848,584.6332633333333,475.5824733333333,0.7180183406038503,34,1,0.0744287304284479,0,1,0.3861021170168858,False Positive,1,High Risk,1
23,22,45.22134271,576,0,72,1412.360856,628.7997474,1,0,iPhone,0,0,0,0,0,0,0,0.0399305555555555,0.0785092755381944,22.0,0.0,64.19822072727273,28.5818067,0.0,0.0,0.5086094003775324,72,1,1.5921685577035798,1,1,0.39716538276984,True Positive,1,High Risk,2
180,151,197.8725374,63,45,0,2947.974053,1903.225858,2,2,iPhone,0,0,0,0,0,0,0,2.857142857142857,3.140833926984127,75.5,75.5,19.523006973509933,12.604144754966889,1473.9870265,951.612929,0.9096765138061044,45,1,0.2274191284515261,0,1,0.6397702516196864,False Positive,1,High Risk,2
31,26,75.08860406,399,213,0,3654.701037,2791.62033,7,3,Android,0,0,0,0,0,0,0,0.0776942355889724,0.1881919901253132,3.7142857142857135,8.666666666666666,140.5654245,107.3700126923077,1218.233679,930.54011,0.4128456027126202,213,1,2.8366488186383263,0,1,0.3992551634380322,False Positive,1,High Risk,0
30,25,45.50791893,1232,168,42,2584.471406,596.9097053,1,1,iPhone,0,0,0,0,0,0,0,0.0243506493506493,0.0369382458847402,25.0,25.0,103.37885624,23.876388212,2584.471406,596.9097053,0.6592259260667537,210,1,4.614581482467275,0,1,0.4281877169577047,False Positive,1,High Risk,2
167,134,344.024169,1504,27,24,2815.319422,446.0344234,2,2,iPhone,0,0,0,0,0,0,0,0.1110372340425532,0.2287394740691489,67.0,67.0,21.009846432835825,3.3286151,1407.659711,223.0172117,0.485431010517171,51,1,0.1482453984214115,0,1,0.3966150379223295,False Positive,1,High Risk,2
72,72,138.0038142,1326,106,135,3825.296907,1181.527143,3,0,iPhone,0,0,0,0,0,0,1,0.0542986425339366,0.1040752746606334,24.0,0.0,53.12912370833333,16.410099208333335,0.0,0.0,0.5217247104174604,241,1,1.746328544591777,0,1,0.3991974067853719,False Positive,1,High Risk,2
179,145,418.3323715,1339,190,0,1653.153953,1355.51649,7,1,iPhone,0,0,0,0,0,0,0,0.133681852128454,0.3124214873039582,20.714285714285715,145.0,11.401061744827588,9.348389586206896,1653.153953,1355.51649,0.4278894300198807,190,1,0.4541843111942868,0,1,0.387451479371632,False Positive,1,High Risk,1
34,27,273.6645705,1339,311,48,3954.795579,1814.466301,4,4,iPhone,0,0,0,0,0,0,0,0.0253920836445108,0.2043798136669156,6.75,6.75,146.47391033333335,67.20245559259259,988.69889475,453.61657525,0.1242396848736398,359,1,1.3118249079304911,1,1,0.3916744204042411,True Positive,1,High Risk,0
108,87,292.687545,1223,255,231,808.0673415,655.3037939,4,4,iPhone,0,0,0,0,0,0,1,0.0883074407195421,0.2393193336058871,21.75,21.75,9.288130362068966,7.532227516091954,202.016835375,163.825948475,0.3689941777331181,486,1,1.660473799799031,1,1,0.429001762528426,True Positive,1,High Risk,0
70,57,161.9736632,256,265,0,1813.716442,1028.167929,4,2,iPhone,0,0,0,0,0,0,0,0.2734375,0.632709621875,14.25,28.5,31.819586701754385,18.038033842105264,906.858221,514.0839645,0.4321690243775384,265,1,1.6360684494292526,0,1,0.4759315621209858,False Positive,1,High Risk,2
12,11,351.166963,1030,93,10,6668.262137,5111.870171,4,4,iPhone,0,0,0,0,1,0,0,0.0116504854368932,0.3409387990291262,2.75,2.75,606.2056488181818,464.715470090909,1667.06553425,1277.96754275,0.0341717794222003,103,1,0.2933077733738865,0,1,0.4236622457273346,False Positive,1,High Risk,2
216,173,287.3986801,1514,163,0,2528.90548,526.3664353,2,1,iPhone,0,0,0,0,0,0,0,0.142668428005284,0.189827397688243,86.5,173.0,14.617950751445086,3.042580550867052,2528.90548,526.3664353,0.7515692136263225,163,1,0.5671563973198637,1,1,0.501803530237207,True Positive,1,High Risk,1
53,43,214.8979867,381,0,0,1012.974379,782.6557957,1,0,iPhone,0,0,0,0,0,0,0,0.1391076115485564,0.5640367104986876,43.0,0.0,23.55754369767442,18.201297574418604,0.0,0.0,0.2466286483827724,0,0,0.0,0,1,0.4661910148008987,False Positive,1,High Risk,2
306,245,386.0955458,2561,343,6,5254.543965,3823.081007,6,3,iPhone,1,1,0,0,0,0,0,0.1194845763373682,0.1507596820773135,40.833333333333336,81.66666666666667,21.447118224489795,15.60441227346939,1751.514655,1274.3603356666667,0.7925499357055779,349,1,0.9039213318994987,0,1,0.4383978203349819,False Positive,1,High Risk,1
19,17,71.39293107,593,134,6,7207.426122,4082.902239,9,3,Android,0,0,0,0,0,0,0,0.0320404721753794,0.1203928011298482,1.8888888888888888,5.666666666666667,423.9662424705882,240.1707199411765,2402.475374,1360.967413,0.2661327909533607,140,1,1.960978459656342,0,1,0.387524887690358,False Positive,1,High Risk,0
203,163,380.2471899,2807,0,71,4737.969469,2980.957507,2,2,iPhone,0,0,0,0,0,0,0,0.0723192019950124,0.1354639080513003,81.5,81.5,29.06729735582822,18.288082865030677,2368.9847345,1490.4787535,0.533863248413187,71,1,0.1867206435336762,0,1,0.4102667327752529,False Positive,1,High Risk,1
30,30,83.30801155,2040,84,33,4029.517896,2528.217052,1,1,iPhone,0,0,0,0,0,0,0,0.0147058823529411,0.0408372605637254,30.0,30.0,134.3172632,84.27390173333333,4029.517896,2528.217052,0.3601094233535334,117,1,1.4044267510787802,0,1,0.4804373633016842,False Positive,1,High Risk,2
15,13,293.0832287,1549,153,46,2882.762279,1976.428329,2,2,iPhone,0,0,0,0,0,0,0,0.0096836668818592,0.1892080236927049,6.5,6.5,221.75094453846157,152.0329483846154,1441.3811395,988.2141645,0.0511800012117172,199,1,0.6789880160754487,0,1,0.4005097846921027,False Positive,1,High Risk,2
123,101,132.2958919,39,131,71,6705.948276,1319.847024,1,0,iPhone,0,0,0,0,0,0,0,3.1538461538461537,3.392202356410256,101.0,0.0,66.39552748514852,13.067792316831682,0.0,0.0,0.929734084962921,202,1,1.5268803671748783,1,1,0.7040868044295824,True Positive,1,High Risk,2
24,19,99.05438257,1870,0,33,7075.618448,1883.055827,1,1,iPhone,0,0,0,0,0,0,0,0.0128342245989304,0.0529702580588235,19.0,19.0,372.4009709473684,99.10820142105264,7075.618448,1883.055827,0.2422911473204087,33,1,0.333150327565562,0,1,0.4448462661392234,False Positive,1,High Risk,2
81,69,166.6333212,93,115,42,5366.331403,4075.70817,9,3,Android,0,0,0,0,0,0,0,0.8709677419354839,1.791756141935484,7.666666666666667,23.0,77.77291888405797,59.068234347826085,1788.7771343333334,1358.56939,0.4860972548388479,157,1,0.9421885062925816,1,1,0.4694632569103905,True Positive,1,High Risk,0
107,85,144.6079192,346,37,0,4357.353373,3503.091907,3,3,iPhone,0,0,0,0,0,0,0,0.3092485549132948,0.4179419630057803,28.33333333333333,28.33333333333333,51.262980858823525,41.212845964705885,1452.4511243333334,1167.6973023333333,0.7399318141907127,37,1,0.2558642721967885,0,1,0.4735018623499311,False Positive,1,High Risk,2
9,9,100.8076055,208,0,0,9781.420639,6152.039353,3,2,iPhone,0,0,0,1,1,0,0,0.0432692307692307,0.4846519495192307,3.0,4.5,1086.8245154444444,683.5599281111112,4890.7103195,3076.0196765,0.0892789780628208,0,0,0.0,1,1,0.6066762350930174,True Positive,1,High Risk,2
2,2,151.7307976,2745,91,0,5711.371932,3203.334827,1,1,iPhone,0,0,0,0,0,0,0,0.0007285974499089,0.0552753361020036,2.0,2.0,2855.685966,1601.6674135,5711.371932,3203.334827,0.0131812396140729,91,1,0.5997464024403178,0,1,0.5397898598041032,False Positive,1,High Risk,2
526,421,542.8112595,954,168,19,2746.929709,1935.364269,8,2,iPhone,1,1,1,0,0,0,0,0.5513626834381551,0.5689845487421383,52.625,210.5,6.524773655581948,4.597064771971496,1373.4648545,967.6821345,0.969029272687738,187,1,0.3445028022673136,1,1,0.4734642421073298,True Positive,1,High Risk,1
42,42,217.6838925,815,36,0,6719.096403,3059.782805,6,1,Android,0,0,0,0,0,0,0,0.0515337423312883,0.2670968006134969,7.0,42.0,159.97848578571427,72.85197154761904,6719.096403,3059.782805,0.1929403205613846,36,1,0.1653774176240439,0,1,0.479108246701254,False Positive,1,High Risk,2
191,159,196.3042512,225,382,12,12473.86438,3514.093158,3,3,iPhone,0,0,0,1,0,0,0,0.8488888888888889,0.8724633386666667,53.0,53.0,78.45197723270441,22.10121483018868,4157.954793333333,1171.364386,0.9729794379511634,394,1,2.007088474098212,1,1,0.6578027372166313,True Positive,1,High Risk,2
406,325,581.7382551,1029,36,54,3448.976369,2773.378383,3,0,Android,1,1,1,0,0,0,0,0.3945578231292517,0.5653432994169095,108.33333333333331,0.0,10.612234981538462,8.533471947692309,0.0,0.0,0.6979083744977528,90,1,0.1547087529674821,1,1,0.5663610440895216,True Positive,1,High Risk,1
158,130,217.1377008,1529,329,0,3862.89084,2780.8405,4,1,Android,0,0,0,0,0,0,0,0.1033355134074558,0.1420128847612818,32.5,130.0,29.71454492307692,21.39108076923077,3862.89084,2780.8405,0.7276488579269326,329,1,1.5151675585946889,1,1,0.5584834478860973,True Positive,1,High Risk,2
109,90,271.4987078,794,15,0,9443.766692,6345.70083,2,2,iPhone,0,0,0,1,1,0,0,0.1372795969773299,0.3419379191435768,45.0,45.0,104.9307410222222,70.507787,4721.883346,3172.850415,0.4014752073158855,15,1,0.0552488817407181,1,1,0.5911823061852326,True Positive,1,High Risk,2
15,15,176.2678222,602,47,0,10320.20164,7427.342568,2,2,iPhone,0,0,0,1,1,0,0,0.0249169435215946,0.2928036913621262,7.5,7.5,688.0134426666666,495.1561712,5160.10082,3713.671284,0.0850977779879781,47,1,0.2666397043623314,0,1,0.589896031349604,False Positive,1,High Risk,2
105,84,251.2250274,1440,615,95,3591.408055,1253.62738,1,1,iPhone,0,0,0,0,0,1,0,0.0729166666666666,0.1744618245833333,84.0,84.0,42.754857797619046,14.924135476190475,3591.408055,1253.62738,0.4179519894441855,710,1,2.8261515476702064,0,1,0.7286292214810743,False Positive,1,High Risk,2
130,108,314.2087456,1082,424,1,5421.780982,1559.832141,1,1,iPhone,0,0,0,0,0,1,0,0.1201478743068391,0.2903962528650647,108.0,108.0,50.20167575925926,14.442890194444445,5421.780982,1559.832141,0.4137376881466408,425,1,1.3526039804794028,0,1,0.7322309851685896,False Positive,1,High Risk,2
225,180,290.5370795,831,10,0,5821.608397,3503.130154,2,1,Android,0,0,0,0,0,0,0,0.2707581227436823,0.3496234410348977,90.0,180.0,32.34226887222222,19.46183418888889,5821.608397,3503.130154,0.7744278299596523,10,1,0.0344190146648734,0,1,0.6569222464539864,False Positive,1,High Risk,1
23,19,242.5067446,671,0,0,6486.64677,4042.876384,3,0,iPhone,0,0,0,0,0,0,0,0.0342771982116244,0.361410945752608,6.333333333333333,0.0,341.4024615789474,212.78296757894736,0.0,0.0,0.0948427229846208,0,0,0.0,0,1,0.3896230776541436,False Positive,1,High Risk,2
83,83,208.7241383,2595,678,0,4081.863125,2446.388892,3,1,Android,0,0,0,0,0,1,0,0.0319845857418111,0.0804331939499036,27.666666666666668,83.0,49.17907379518072,29.47456496385542,4081.863125,2446.388892,0.3976540551371388,678,1,3.24830661907205,0,1,0.5959270467824119,False Positive,1,High Risk,2
41,41,102.6398114,2265,0,0,3022.427453,2345.84517,1,1,iPhone,0,0,0,0,0,0,0,0.0181015452538631,0.045315590022075,41.0,41.0,73.71774275609755,57.215735853658536,3022.427453,2345.84517,0.3994551377361552,0,0,0.0,0,1,0.4324552906812616,False Positive,1,High Risk,2
10,10,178.3967562,2138,147,0,9147.002907,3159.605042,2,2,Android,0,0,0,1,0,0,0,0.0046772684752104,0.0834409523854069,5.0,5.0,914.7002907,315.9605042,4573.5014535,1579.802521,0.0560548308893522,147,1,0.8240060140734778,0,1,0.4212573670589125,False Positive,1,High Risk,2
81,65,205.3773968,911,286,67,5052.806071,4073.859379,3,3,iPhone,0,0,0,0,0,0,0,0.0889132821075741,0.2254417088913282,21.666666666666668,21.666666666666668,77.73547801538461,62.674759676923074,1684.268690333333,1357.953126333333,0.3943958841725858,353,1,1.7187870013941084,0,1,0.5307066112608582,False Positive,1,High Risk,2
165,133,217.7636163,550,0,0,5392.897778,1721.823303,1,1,iPhone,0,0,0,0,0,0,0,0.3,0.3959338478181818,133.0,133.0,40.54810359398496,12.94603987218045,5392.897778,1721.823303,0.7577023324809655,0,0,0.0,1,1,0.6455191126108627,True Positive,1,High Risk,1
13,13,56.72454094,2262,73,13,9680.713542,5045.785084,1,1,Android,0,0,0,1,1,0,0,0.0057471264367816,0.0250771622192749,13.0,13.0,744.6702724615384,388.13731415384615,9680.713542,5045.785084,0.2291777030641933,86,1,1.5160986510400485,0,1,0.4761829037285009,False Positive,1,High Risk,2
107,86,134.9200021,94,61,0,4116.883158,1703.089019,1,1,Android,0,0,0,0,0,0,0,1.1382978723404256,1.4353191712765958,86.0,86.0,47.87073439534883,19.803360686046517,4116.883158,1703.089019,0.7930625432446535,61,1,0.4521197676441483,1,1,0.6753325249734781,True Positive,1,High Risk,2
1,1,19.65909431,1182,143,124,6829.457639,2424.171947,4,4,iPhone,0,0,0,0,0,0,0,0.0008460236886632,0.0166320594839255,0.25,0.25,6829.457639,2424.171947,1707.36440975,606.04298675,0.0508670432234169,267,1,13.581500540652325,0,1,0.4070370265330104,False Positive,1,High Risk,2
36,29,50.08943164,1167,139,0,3215.221847,1594.991577,1,1,iPhone,0,0,0,0,0,0,0,0.0308483290488431,0.0429215352527849,29.0,29.0,110.86971886206896,54.99970955172414,3215.221847,1594.991577,0.718714483700618,139,1,2.775036478732942,1,1,0.491833076337129,True Positive,1,High Risk,2
62,50,147.8548198,1200,213,4,5554.773003,1525.182338,1,0,Android,0,0,0,0,0,0,0,0.0516666666666666,0.1232123498333333,50.0,0.0,111.09546006,30.50364676,0.0,0.0,0.4193302598039485,217,1,1.46765590931382,1,1,0.4692556617452155,True Positive,1,High Risk,2
57,46,276.9216539,1083,46,48,1172.332231,670.8348872,1,0,iPhone,0,0,0,0,0,0,0,0.0526315789473684,0.2556986647276085,46.0,0.0,25.485483282608698,14.58336711304348,0.0,0.0,0.2058343910533751,94,1,0.3394461887546887,0,1,0.4270439714209967,False Positive,1,High Risk,2
65,54,109.9934431,861,297,90,5061.172882,3722.41394,0,0,iPhone,0,0,0,0,0,0,0,0.0754936120789779,0.1277508049941927,0.0,0.0,93.72542374074074,68.93359148148149,0.0,0.0,0.590944316025325,387,1,3.5183915431046278,0,1,0.4862824695724947,False Positive,1,High Risk,2
70,59,167.6869364,1486,0,10,3803.143367,1185.546709,1,0,iPhone,0,0,0,0,0,0,0,0.0471063257065948,0.1128445063257066,59.0,0.0,64.46005706779661,20.09401201694915,0.0,0.0,0.4174445636780087,10,1,0.0596349376682869,0,1,0.3956131409945875,False Positive,1,High Risk,2
6,6,189.3036081,1697,98,160,3655.763845,192.6656649,1,0,iPhone,0,0,0,0,0,0,1,0.0035356511490866,0.1115519199175014,6.0,0.0,609.2939741666667,32.11094415,0.0,0.0,0.031695116961693,258,1,1.3628900293528003,0,1,0.3862457156728558,False Positive,1,High Risk,2
83,69,249.0333262,1587,149,1,7400.466719,4909.758298,4,2,iPhone,0,0,0,0,1,0,0,0.0522999369880277,0.1569208104599874,17.25,34.5,107.25314085507246,71.15591736231883,3700.2333595,2454.879149,0.3332887259167162,150,1,0.6023290227410535,0,1,0.4844324423125,False Positive,1,High Risk,2
57,47,117.5166008,369,461,28,6850.123703,2535.973749,4,1,iPhone,0,0,0,0,0,1,0,0.1544715447154471,0.318473172899729,11.75,47.0,145.74731282978723,53.95688827659575,6850.123703,2535.973749,0.4850378551793509,489,1,4.1611142312754845,0,1,0.6844516501841522,False Positive,1,High Risk,2
38,32,148.6543166,1987,354,125,5531.667848,607.8886763,4,2,Android,0,0,0,0,0,0,1,0.019124308002013,0.0748134456970306,8.0,16.0,172.86462025,18.996521134375,2765.833924,303.94433815,0.2556266166306535,479,1,3.22224077279166,0,1,0.3983909517482444,False Positive,1,High Risk,2
237,216,258.6087984,216,4,0,5043.267973,3630.142856,6,5,Android,0,1,0,0,0,0,0,1.0972222222222223,1.1972629555555556,36.0,43.2,23.348462837962963,16.806216925925927,1008.6535946,726.0285712,0.9164421375695933,4,1,0.0154673778492758,1,1,0.4351045676099967,True Positive,1,High Risk,0
145,117,230.4726733,3384,261,143,2933.210766,2415.496391,2,0,iPhone,0,0,0,0,0,0,1,0.0428486997635933,0.0681065819444444,58.5,0.0,25.07017748717949,20.6452682991453,0.0,0.0,0.6291418324082936,404,1,1.7529193123651767,0,1,0.3918634779184832,False Positive,1,High Risk,2
101,81,174.2046234,1977,152,91,14138.44076,4972.695581,4,4,iPhone,0,0,0,1,1,0,0,0.0510875063227111,0.0881156415781487,20.25,20.25,174.5486513580247,61.3913034691358,3534.61019,1243.17389525,0.5797779532411652,243,1,1.3949113132435955,1,1,0.3890520998697208,True Positive,1,High Risk,2
78,74,128.3252552,1148,193,0,3230.836439,2093.025714,6,1,Android,0,0,0,0,0,0,0,0.0679442508710801,0.1117815811846689,12.333333333333334,74.0,43.65995187837838,28.28413127027027,3230.836439,2093.025714,0.6078304685888519,193,1,1.5039907748416463,0,1,0.4396638455128644,False Positive,1,High Risk,2
59,59,254.4343033,2313,106,135,10364.47289,8432.144271,1,1,iPhone,0,0,0,1,1,0,1,0.0255079982706441,0.1100018604842196,59.0,59.0,175.66903203389828,142.91769950847456,10364.47289,8432.144271,0.2318869713508477,241,1,0.9471993236534628,1,1,0.5988539257775132,True Positive,1,High Risk,2
38,36,78.79551926,224,237,4,5805.484149,2913.909822,2,1,iPhone,0,0,0,0,0,0,0,0.1696428571428571,0.3517657109821429,18.0,36.0,161.26344858333334,80.9419395,5805.484149,2913.909822,0.4822609249469142,241,1,3.0585495503212194,1,1,0.6530565578534349,True Positive,1,High Risk,2
40,33,96.42334759,679,184,0,4008.309377,1450.060846,2,2,Android,0,0,0,0,0,0,0,0.0589101620029455,0.1420078756848306,16.5,16.5,121.46392051515151,43.94123775757576,2004.1546885,725.030423,0.4148372878535942,184,1,1.9082515241265328,1,1,0.4530272377874583,True Positive,1,High Risk,2
254,227,279.4772306,1152,49,10,1185.882067,484.1941936,3,1,Android,1,1,0,0,0,0,0,0.2204861111111111,0.2426017626736111,75.66666666666667,227.0,5.224150074889868,2.133014068722467,1185.882067,484.1941936,0.9088396913576688,59,1,0.2111084322444978,0,1,0.4782081655872848,False Positive,1,High Risk,1
690,552,728.1872354,3138,499,52,9048.490104,2073.484493,6,3,Android,1,1,1,1,0,1,0,0.2198852772466539,0.232054568323773,92.0,184.0,16.392192217391305,3.75631248731884,3016.163368,691.1614976666666,0.9475584938274516,551,1,0.7566735218825013,1,1,0.5084499352419154,True Positive,1,High Risk,1
8,7,248.908517,157,0,147,2306.031546,1747.291797,3,3,Android,0,0,0,0,0,0,1,0.0509554140127388,1.585404566878981,2.333333333333333,2.333333333333333,329.433078,249.61311385714288,768.677182,582.430599,0.0321403224623286,147,1,0.590578425245288,0,1,0.4912805831855009,False Positive,1,High Risk,2
53,43,147.5582255,1819,122,0,3308.579135,1704.585218,1,1,iPhone,0,0,0,0,0,0,0,0.0291368884002199,0.081120519791094,43.0,43.0,76.94370081395348,39.64151669767442,3308.579135,1704.585218,0.3591802477998761,122,1,0.8267922685204696,1,1,0.473301393151714,True Positive,1,High Risk,2
87,70,100.988372,1281,32,0,2925.853409,2432.085217,1,1,iPhone,0,0,0,0,0,0,0,0.0679156908665105,0.078835575331772,70.0,70.0,41.79790584285714,34.744074528571424,2925.853409,2432.085217,0.8614853203099462,32,1,0.3168681637921641,0,1,0.560385237957903,False Positive,1,High Risk,2
101,83,414.4359536,686,87,80,2707.445142,1246.163198,2,0,Android,0,0,0,0,0,0,0,0.1472303206997084,0.604134043148688,41.5,0.0,32.619820987951805,15.01401443373494,0.0,0.0,0.2437047247533979,167,1,0.4029573171665094,0,1,0.4783378561976316,False Positive,1,High Risk,2
74,61,100.5933857,57,295,63,2785.272389,2217.101538,8,2,iPhone,0,0,0,0,0,0,0,1.2982456140350878,1.7647962403508772,7.625,30.5,45.66020309836066,36.345926852459016,1392.6361945,1108.550769,0.7356348480077055,358,1,3.5588821025237647,1,1,0.5072796194886818,True Positive,1,High Risk,0
161,130,242.587836,929,0,16,5963.508848,3096.480627,0,0,iPhone,0,0,0,0,0,0,0,0.1733046286329386,0.2611279181916038,0.0,0.0,45.87314498461539,23.819081746153845,0.0,0.0,0.6636771350728401,16,1,0.0659554916842574,1,1,0.3827885217346508,True Positive,1,High Risk,2
86,71,209.7102994,1259,298,0,5796.661764,3694.157629,2,2,iPhone,0,0,0,0,0,0,0,0.068308181096108,0.1665689431294678,35.5,35.5,81.64312343661972,52.03038914084507,2898.330882,1847.0788145,0.4100895389785515,298,1,1.421007937390795,0,1,0.5688189139508041,False Positive,1,High Risk,2
255,204,402.0114217,3063,312,100,1420.378916,1147.264226,3,3,iPhone,1,1,0,0,0,0,0,0.0832517140058766,0.1312476074763304,68.0,68.0,6.962641745098039,5.623844245098039,473.45963866666665,382.42140866666665,0.6343103360637675,412,1,1.0248465037579304,0,1,0.4154619737720158,False Positive,1,High Risk,1
60,51,147.2076718,8,24,148,5340.665453,507.6615374,8,8,Android,0,0,0,0,0,0,1,7.5,18.400958975,6.375,6.375,104.71893045098038,9.954147792156862,667.583181625,63.457692175,0.4075874529251266,172,1,1.1684173650520298,0,1,0.4218526738857986,False Positive,1,High Risk,0
52,46,75.84420886,2463,436,7,3911.255742,1494.258414,2,2,Android,0,0,0,0,0,1,0,0.0211124644742184,0.0307934262525375,23.0,23.0,85.02729873913043,32.48387856521739,1955.627871,747.129207,0.685615959103565,443,1,5.840920574670756,1,1,0.4085969471770824,True Positive,1,High Risk,2
106,85,137.2052023,2564,471,19,1710.674247,953.8286249,3,0,iPhone,0,0,0,0,0,1,0,0.0413416536661466,0.0535121693837753,28.33333333333333,0.0,20.125579376470583,11.221513234117648,0.0,0.0,0.7725654583288348,490,1,3.571293156425746,0,1,0.4034659205349011,False Positive,1,High Risk,2
135,113,135.575632,2969,446,77,6026.103646,3052.77992,2,2,iPhone,0,0,0,0,0,1,0,0.0454698551700909,0.0456637359380262,56.5,56.5,53.32835084955752,27.015751504424777,3013.051823,1526.38996,0.9957541632555325,523,1,3.857625388019581,1,1,0.5210244901247962,True Positive,1,High Risk,2
16,14,303.1950991,85,468,0,4113.462639,1980.104204,1,1,iPhone,0,0,0,0,0,1,0,0.188235294117647,3.567001165882353,14.0,14.0,293.81875992857147,141.43601457142856,4113.462639,1980.104204,0.0527713015398143,468,1,1.5435605700395705,1,1,0.8187496419885386,True Positive,1,High Risk,2
98,79,303.4678311,1419,718,20,2416.789688,1820.571552,1,1,iPhone,0,0,0,0,0,1,0,0.0690627202255109,0.2138603460887949,79.0,79.0,30.592274531645568,23.045209518987345,2416.789688,1820.571552,0.322933734507453,738,1,2.4318887353724525,1,1,0.7442360314321994,True Positive,1,High Risk,2
315,252,338.9841811,78,198,29,2433.190416,1302.84784,10,10,iPhone,1,1,0,0,0,0,0,4.038461538461538,4.34595103974359,25.2,25.2,9.655517523809523,5.17003111111111,243.3190416,130.284784,0.9292469016631644,227,1,0.6696477672302803,1,1,0.4838990491911152,True Positive,1,High Risk,0
56,51,243.7395019,1294,120,84,4616.254026,2900.175307,1,0,iPhone,0,0,0,0,0,0,0,0.0432766615146831,0.1883612843122102,51.0,0.0,90.5147848235294,56.86618249019608,0.0,0.0,0.2297534850258919,204,1,0.836959124022892,1,1,0.4704642218207484,True Positive,1,High Risk,2
9,7,27.06412234,1030,10,11,4646.843087,2919.779242,2,1,iPhone,0,0,0,0,0,0,0,0.0087378640776699,0.0262758469320388,3.5,7.0,663.8347267142857,417.1113202857143,4646.843087,2919.779242,0.3325435751041613,21,1,0.7759350085763763,0,1,0.5146052381221525,False Positive,1,High Risk,2
476,381,572.4530526,380,118,0,6137.570245,2315.331183,4,4,Android,1,1,1,0,0,0,0,1.2526315789473683,1.5064554015789473,95.25,95.25,16.109108254593174,6.076984732283464,1534.39256125,578.83279575,0.8315092352780302,118,1,0.2061304406781671,1,1,0.5982172999038475,True Positive,1,High Risk,1
140,112,249.0535463,2430,40,9,9682.752067,1428.053899,1,1,Android,0,0,0,1,0,0,0,0.0576131687242798,0.1024911713168724,112.0,112.0,86.45314345535714,12.750481241071428,9682.752067,1428.053899,0.5621281129294243,49,1,0.1967448395252985,0,1,0.4686722028050524,False Positive,1,High Risk,1
319,268,473.1494519,599,0,0,2071.493592,826.9167782,1,0,iPhone,1,1,1,0,0,0,0,0.5325542570951586,0.7898989180300501,268.0,0.0,7.729453701492536,3.0855103664179104,0.0,0.0,0.6742055786369601,0,0,0.0,1,1,0.5913451521199273,True Positive,1,High Risk,1
62,49,245.663484,314,190,22,11987.11148,7297.257008,9,7,iPhone,0,0,0,1,1,0,0,0.197452229299363,0.7823677834394904,5.444444444444445,7.0,244.6349281632653,148.92361240816325,1712.444497142857,1042.4652868571427,0.2523777607908548,212,1,0.862969117542923,1,1,0.4080512264106212,True Positive,1,High Risk,0
145,116,245.199704,192,269,0,5956.774794,531.807257,8,2,iPhone,0,0,0,0,0,0,0,0.7552083333333334,1.2770817916666666,14.5,58.0,51.35150684482758,4.584545318965517,2978.387397,265.9036285,0.5913547106076441,269,1,1.0970649458859054,0,1,0.4542101296803226,False Positive,1,High Risk,0
60,48,165.230726,53,787,0,952.0385711,338.1320358,16,11,iPhone,0,0,0,0,0,1,0,1.1320754716981132,3.1175608679245284,3.0,4.363636363636363,19.834136897916668,7.0444174125,86.54896100909092,30.73927598181818,0.3631285866286153,787,1,4.763036627945337,0,1,0.415317784155379,False Positive,1,High Risk,0
175,140,187.4005125,1888,0,0,4839.950443,1844.233275,2,0,iPhone,0,0,0,0,0,0,0,0.0926906779661017,0.0992587460275423,70.0,0.0,34.571074592857144,13.173094821428572,0.0,0.0,0.9338288229067676,0,0,0.0,1,1,0.3921903907314348,True Positive,1,High Risk,2
45,45,189.8979299,1232,57,0,5933.675519,2313.476085,8,1,Android,0,0,0,0,0,0,0,0.036525974025974,0.1541379301136363,5.625,45.0,131.8594559777778,51.41057966666666,5933.675519,2313.476085,0.2369694078481894,57,1,0.30016124994104,0,1,0.4010537614941267,False Positive,1,High Risk,2
10,9,135.5451572,271,59,0,3428.137534,2710.394903,2,2,iPhone,0,0,0,0,0,0,0,0.03690036900369,0.5001666317343174,4.5,4.5,380.9041704444445,301.1549892222222,1714.068767,1355.1974515,0.0737761511113581,59,1,0.4352792915570133,1,1,0.4928836531990588,True Positive,1,High Risk,2
36,29,76.39399572,80,19,17,3721.168028,3012.951593,2,2,iPhone,0,0,0,0,0,0,0,0.45,0.9549249465,14.5,14.5,128.3161388965517,103.89488251724136,1860.584014,1506.4757965,0.4712412233540911,36,1,0.4712412233540911,0,1,0.5229739957030537,False Positive,1,High Risk,2
50,50,146.5232827,1613,0,0,6017.731817,2981.271147,2,2,iPhone,0,0,0,0,0,0,0,0.0309981401115933,0.0908389849349039,25.0,25.0,120.35463634,59.62542294,3008.8659085,1490.6355735,0.3412426958954558,0,0,0.0,0,1,0.4071004829067613,False Positive,1,High Risk,2
7,7,393.9553711,460,13,11,6396.512502,2226.989546,2,1,iPhone,0,0,0,0,0,0,0,0.0152173913043478,0.8564247197826087,3.5,7.0,913.7875002857144,318.14136371428566,6396.512502,2226.989546,0.0177685101245215,24,1,0.0609206061412168,1,1,0.6001995669165401,True Positive,1,High Risk,2
103,83,491.477802,167,252,0,2965.257346,288.0784985,3,0,iPhone,0,0,1,0,0,0,0,0.6167664670658682,2.942980850299401,27.666666666666668,0.0,35.725992120481926,3.4708252831325304,0.0,0.0,0.209572028646779,252,1,0.5127393322231876,0,1,0.5938613039983531,False Positive,1,High Risk,2
129,105,351.6826348,513,123,7,4121.102258,3345.574159,4,4,iPhone,0,0,0,0,0,0,0,0.2514619883040935,0.6855411984405458,26.25,26.25,39.248592933333335,31.862611038095235,1030.2755645,836.39353975,0.366807988894196,130,1,0.3696514616763215,0,1,0.4597191509007893,False Positive,1,High Risk,0
81,70,294.3158184,367,85,110,5152.412818,1761.649929,0,0,iPhone,0,0,0,0,0,0,0,0.220708446866485,0.8019504588555859,0.0,0.0,73.6058974,25.166427557142857,0.0,0.0,0.2752145652256929,195,1,0.6625535829507423,1,1,0.474031026836437,True Positive,1,High Risk,2
14,11,418.2217788,201,427,60,3290.815097,1284.443447,11,7,iPhone,0,0,0,0,0,1,0,0.0696517412935323,2.080705367164179,1.0,1.5714285714285714,299.16500881818183,116.7675860909091,470.1164424285715,183.491921,0.0334750620595849,487,1,1.1644539445012758,0,1,0.4671790774005167,False Positive,1,High Risk,0
145,116,158.0849398,3414,373,24,2275.641233,1703.421706,1,0,Android,0,0,0,0,0,0,0,0.0424721734036321,0.0463049032806092,116.0,0.0,19.617596836206896,14.684669879310343,0.0,0.0,0.9172284227924916,397,1,2.511308164473236,1,1,0.4441742845695275,True Positive,1,High Risk,2
68,59,590.4623671,642,203,299,6402.935575,2213.525325,6,6,iPhone,0,0,1,0,0,0,1,0.1059190031152648,0.9197233132398754,9.833333333333334,9.833333333333334,108.52433177966104,37.51737838983051,1067.1559291666667,368.9208875,0.1151639863755848,502,1,0.850181193537406,0,1,0.4610107231037319,False Positive,1,High Risk,0
46,46,176.5082684,804,340,21,10602.61246,1172.002731,6,3,iPhone,0,0,0,1,0,0,0,0.0572139303482587,0.2195376472636815,7.666666666666667,15.333333333333334,230.4915752173913,25.47832023913044,3534.2041533333336,390.667577,0.2606110207582774,361,1,2.0452299672551773,0,1,0.4211618060107763,False Positive,1,High Risk,0
10,10,42.40510434,2431,31,29,7112.794776,3134.3641,1,1,Android,0,0,0,0,0,0,0,0.0041135335252982,0.0174434818346359,10.0,10.0,711.2794776,313.43641,7112.794776,3134.3641,0.2358206672437585,60,1,1.414924003462551,0,1,0.4478485147246454,False Positive,1,High Risk,2
272,217,294.646403,1099,319,23,4070.204693,870.9032751,5,1,iPhone,1,1,0,0,0,0,0,0.2474977252047315,0.2681040973612375,43.4,217.0,18.75670365437788,4.013379147926267,4070.204693,870.9032751,0.9231404056882376,342,1,1.160713304210946,0,1,0.5569936473526069,False Positive,1,High Risk,1
1,1,53.96221538,1013,26,0,4094.460478,785.4243209,4,4,Android,0,0,0,0,0,0,0,0.0009871668311944,0.0532697091609081,0.25,0.25,4094.460478,785.4243209,1023.6151195,196.356080225,0.018531485280173,26,1,0.4818186172845003,0,1,0.3969772137687392,False Positive,1,High Risk,2
175,149,184.9884211,3287,338,65,3654.121857,1575.493585,3,1,Android,0,0,0,0,0,0,0,0.0532400365074536,0.0562788016732582,49.66666666666666,149.0,24.524307765100676,10.57378244966443,3654.121857,1575.493585,0.94600515513022,403,1,2.178514728671307,1,1,0.4220869624580717,True Positive,1,High Risk,1
33,30,55.15841467,47,92,0,2192.816072,1565.306845,2,2,Android,0,0,0,0,0,0,0,0.7021276595744681,1.1735832908510635,15.0,15.0,73.09386906666667,52.176894833333336,1096.408036,782.6534225,0.5982768032299577,92,1,1.6679232090047305,0,1,0.4846966608038802,False Positive,1,High Risk,2
95,76,218.4196402,294,199,0,9609.260866,173.9812303,2,0,iPhone,0,0,0,1,0,0,0,0.3231292517006803,0.7429239462585034,38.0,0.0,126.43764297368422,2.289226714473684,0.0,0.0,0.4349425716158651,199,1,0.9110902289637596,0,1,0.4972538428560844,False Positive,1,High Risk,2
102,82,254.2254715,1491,203,0,4952.87282,1899.15987,4,2,Android,0,0,0,0,0,0,0,0.0684104627766599,0.1705066877934272,20.5,41.0,60.40088804878048,23.160486219512197,2476.43641,949.579935,0.4012186481479295,203,1,0.7985037801375462,0,1,0.4034519393089114,False Positive,1,High Risk,2
100,80,139.0061602,1586,33,46,8309.114431,3111.644002,1,1,iPhone,0,0,0,0,0,0,0,0.0630517023959646,0.0876457504413619,80.0,80.0,103.8639303875,38.895550025,8309.114431,3111.644002,0.719392578401716,79,1,0.5683201369373556,1,1,0.6025029097801949,True Positive,1,High Risk,2
40,39,193.5568419,106,13,41,1798.458487,1426.155324,6,4,Android,0,0,0,0,0,0,0,0.3773584905660377,1.8260079424528304,6.5,9.75,46.11432017948718,36.56808523076924,449.61462175,356.538831,0.2066576392100144,54,1,0.2789878129335195,1,1,0.3905367698762761,True Positive,1,High Risk,0
115,92,335.1939221,1771,2,51,2143.236678,1006.239738,1,0,Android,0,0,0,0,0,0,0,0.0649350649350649,0.1892681660643704,92.0,0.0,23.296050847826088,10.93738845652174,0.0,0.0,0.3430849798215956,53,1,0.1581174254829962,0,1,0.4412064603368529,False Positive,1,High Risk,2
191,153,229.585787,34,0,73,2143.168973,1123.210661,3,3,iPhone,0,0,0,0,0,0,0,5.617647058823529,6.752523147058824,51.0,51.0,14.007640346405228,7.341246150326798,714.3896576666666,374.4035536666667,0.8319330325095429,73,1,0.3179639338910818,0,1,0.5978808084452479,False Positive,1,High Risk,2
15,12,219.7628713,1637,197,5,5856.804293,3569.736459,4,2,iPhone,0,0,0,0,0,0,0,0.0091631032376298,0.1342473251679902,3.0,6.0,488.0670244166667,297.47803825,2928.4021465,1784.8682295,0.0682553877789637,202,1,0.9191725554233784,1,1,0.4426742718033508,True Positive,1,High Risk,2
73,62,148.7557818,371,268,4,4753.714974,3450.818585,3,3,iPhone,0,0,0,0,0,0,0,0.1967654986522911,0.4009589805929919,20.666666666666668,20.666666666666668,76.67282216129033,55.658364274193545,1584.571658,1150.2728616666666,0.4907372279361043,272,1,1.828500356145485,1,1,0.5362809283693338,True Positive,1,High Risk,2
53,44,166.6606788,583,76,298,5969.128186,4750.068113,4,4,Android,0,0,0,0,1,0,1,0.0909090909090909,0.2858673735849056,11.0,11.0,135.66200422727272,107.95609347727272,1492.2820465,1187.51702825,0.3180114252600776,374,1,2.2440806235333777,1,1,0.4986915121237278,True Positive,1,High Risk,0
31,31,70.96944132,115,33,23,1422.440823,831.7574051,2,2,Android,0,0,0,0,0,0,0,0.2695652173913043,0.6171255766956522,15.5,15.5,45.88518783870968,26.830884035483876,711.2204115,415.87870255,0.4368077220760626,56,1,0.7890720140728874,1,1,0.4276892955989678,True Positive,1,High Risk,2
66,60,95.80913506,321,41,1,839.1379655,642.9885864,0,0,iPhone,0,0,0,0,0,0,0,0.205607476635514,0.2984708257320872,0.0,0.0,13.985632758333333,10.71647644,0.0,0.0,0.6888695943102693,42,1,0.4383715600156259,0,1,0.4072397821896276,False Positive,1,High Risk,2
37,32,206.9353401,689,106,99,4632.529102,2628.8842,1,1,iPhone,0,0,0,0,0,0,0,0.0537010159651669,0.3003415676342525,32.0,32.0,144.7665344375,82.15263125,4632.529102,2628.8842,0.1787998124540739,205,1,0.990647609542842,1,1,0.6317338566742425,True Positive,1,High Risk,2
139,112,190.8394604,239,41,13,3582.527504,2917.704891,6,2,iPhone,0,0,0,0,0,0,0,0.5815899581589958,0.7984914661087866,18.666666666666668,56.0,31.986852714285718,26.050936526785712,1791.263752,1458.8524455,0.7283608940659109,54,1,0.2829603473349582,0,1,0.4558851662399665,False Positive,1,High Risk,2
80,65,123.8550336,2514,238,88,7598.04623,1238.382113,1,1,Android,0,0,0,0,0,0,0,0.0318217979315831,0.0492661231503579,65.0,65.0,116.89301892307692,19.052032507692303,7598.04623,1238.382113,0.645916420792122,326,1,2.6321094147278967,1,1,0.500436096859845,True Positive,1,High Risk,2
41,35,49.06559479,1217,0,33,1053.137744,545.6283986,1,1,iPhone,0,0,0,0,0,0,0,0.0336894001643385,0.0403168404190632,35.0,35.0,30.08964982857143,15.589382817142855,1053.137744,545.6283986,0.8356160803813625,33,1,0.6725690403069503,0,1,0.3831658520155372,False Positive,1,High Risk,2
1,1,40.51020421,2157,86,29,5924.597895,4685.875039,4,2,Android,0,0,0,0,1,0,0,0.0004636068613815,0.0187808086277236,0.25,0.5,5924.597895,4685.875039,2962.2989475,2342.9375195,0.0246851384608214,115,1,2.838790922994461,0,1,0.4881483351127507,False Positive,1,High Risk,2
46,39,50.35156572,1326,116,165,7976.446189,4595.852257,1,1,iPhone,0,0,0,0,0,0,1,0.0346907993966817,0.0379725231674208,39.0,39.0,204.52426125641023,117.84236556410256,7976.446189,4595.852257,0.9135763574026948,281,1,5.580759922394723,1,1,0.6256539958902901,True Positive,1,High Risk,2
108,87,348.9801741,649,318,0,5993.302751,3707.548221,1,1,Android,0,0,0,0,0,0,0,0.1664098613251155,0.537719836825886,87.0,87.0,68.8885373678161,42.615496793103446,5993.302751,3707.548221,0.3094731678626897,318,1,0.9112265498179198,0,1,0.7662878157279158,False Positive,1,High Risk,2
89,71,503.4212092,1251,282,35,1490.422544,693.7553787,3,3,iPhone,0,0,1,0,0,0,0,0.0711430855315747,0.4024150353317346,23.666666666666668,23.666666666666668,20.99186681690141,9.77120251690141,496.8075146666667,231.25179290000003,0.1767903266162191,317,1,0.6296913880600166,0,1,0.4107367612163419,False Positive,1,High Risk,0
347,283,394.1113268,385,3,13,3510.108855,1165.136115,2,2,Android,1,1,0,0,0,0,0,0.9012987012987012,1.023665783896104,141.5,141.5,12.403211501766783,4.117088745583039,1755.0544275,582.5680575,0.880461880701268,16,1,0.0405976659689345,1,1,0.5947739971717306,True Positive,1,High Risk,1
21,17,66.06408201,312,0,16,2407.137245,957.3006748,0,0,iPhone,0,0,0,0,0,0,0,0.0673076923076923,0.2117438525961538,0.0,0.0,141.59630852941177,56.3118044,0.0,0.0,0.3178731825384521,16,1,0.2421890914578682,1,1,0.3973979641748125,True Positive,1,High Risk,2
339,273,365.3128476,1761,310,18,4065.961787,2501.688159,1,1,iPhone,1,1,0,0,0,0,0,0.1925042589437819,0.2074462507666098,273.0,273.0,14.89363291941392,9.163692890109887,4065.961787,2501.688159,0.9279717431980072,328,1,0.8978605656901074,0,1,0.7225105003547425,False Positive,1,High Risk,1
3,3,186.9150551,218,250,14,3517.586493,2552.141197,5,5,Android,0,0,0,0,0,0,0,0.0137614678899082,0.8574085096330275,0.6,0.6,1172.528831,850.7137323333333,703.5172986,510.4282394,0.0160500715065193,264,1,1.4124062925737009,0,1,0.4848837946924029,False Positive,1,High Risk,0
2,2,44.19134657,2140,39,0,3969.682141,2318.059894,4,1,iPhone,0,0,0,0,0,0,0,0.0009345794392523,0.0206501619485981,0.5,2.0,1984.8410705,1159.029947,3969.682141,2318.059894,0.04525772928942,39,1,0.8825257211436904,0,1,0.4439546983614991,False Positive,1,High Risk,2
14,14,65.93955528,171,259,88,3897.15009,3007.71431,3,3,Android,0,0,0,0,0,0,0,0.0818713450292397,0.3856114343859648,4.666666666666667,4.666666666666667,278.3678635714286,214.8367364285714,1299.05003,1002.5714366666666,0.2123156569763265,347,1,5.262395212198951,0,1,0.5097207575859374,False Positive,1,High Risk,2
131,105,267.2081985,483,443,45,4511.951283,2512.383742,7,7,iPhone,0,0,0,0,0,1,0,0.2712215320910973,0.5532260838509316,15.0,15.0,42.9709646,23.92746420952381,644.564469,358.91196314285713,0.490254418597115,488,1,1.8262912692778024,1,1,0.4651291004570807,True Positive,1,High Risk,0
288,237,300.8752054,1911,25,8,3086.837567,1345.815233,6,1,iPhone,1,1,0,0,0,0,0,0.1507064364207221,0.1574438542124542,39.5,237.0,13.024631084388188,5.678545286919832,3086.837567,1345.815233,0.9572074894543636,33,1,0.1096800248333124,1,1,0.3865656689427597,True Positive,1,High Risk,1
185,148,226.8566033,609,541,0,5079.435754,1905.250546,11,8,Android,0,0,0,0,0,1,0,0.3037766830870279,0.3725067377668308,13.454545454545457,18.5,34.320511851351355,12.8733145,634.92946925,238.15631825,0.8154931234483489,541,1,2.3847663772192256,1,1,0.3957961619084049,True Positive,1,High Risk,0
198,161,450.327563,438,48,14,3295.268721,687.8380824,5,2,Android,0,0,0,0,0,0,0,0.4520547945205479,1.0281451210045662,32.2,80.5,20.46750758385093,4.2722862260869565,1647.6343605,343.9190412,0.4396799491484824,62,1,0.1376775598343732,1,1,0.4154200361724462,True Positive,1,High Risk,1
